##	Base 30	Cluster 0							Cluster 3							Cluster 6							
-	(0)(0)	3	1	1	1	1	1	3	6	5	1	1	1	1	1	2	5	2	1	1	1	1	1	5	5
1	(0)(1)	4	1	1	1	1	1	4	4	6	1	1	1	1	1	3	3	3	1	1	1	1	1	6	3
2	(0)(2)	5	1	1	1	1	1	5	2	4	1	1	1	1	2	1	6	1	1	1	1	1	2	4	6
3	(0)(3)	3	1	1	1	1	2	3	5	5	1	1	1	1	2	2	4	2	1	1	1	1	2	5	4
4	(0)(4)	4	1	1	1	1	2	4	3	6	1	1	1	1	2	3	2	3	1	1	1	1	2	6	2
5	(0)(5)	5	1	1	1	1	2	5	1	4	1	1	1	1	3	1	5	1	1	1	1	1	3	4	5
6	(0)(6)	2	1	1	1	1	3	2	6	5	1	1	1	1	3	2	3	2	1	1	1	1	3	5	3
7	(0)(7)	3	1	1	1	1	3	3	4	6	1	1	1	1	3	3	1	3	1	1	1	1	3	6	1
8	(0)(8)	2	1	1	1	1	4	2	5	4	1	1	1	1	4	1	4	1	1	1	1	1	4	4	4
9	(0)(9)	1	1	1	1	1	5	1	6	5	1	1	1	1	4	2	2	2	1	1	1	1	4	5	2
10	(0)(10)	2	1	1	1	1	5	2	4	4	1	1	1	1	5	1	3	1	1	1	1	1	5	4	3
11	(0)(11)	1	1	1	1	1	6	1	5	5	1	1	1	1	5	2	1	6	1	1	1	2	1	1	4
12	(0)(12)	2	1	1	1	2	1	3	6	4	1	1	1	1	6	1	2	1	1	1	1	2	1	5	5
13	(0)(13)	3	1	1	1	2	1	4	4	4	1	1	1	2	1	2	5	2	1	1	1	2	1	6	3
14	(0)(14)	4	1	1	1	2	1	5	2	5	1	1	1	2	1	3	3	6	1	1	1	2	2	1	3
15	(0)(15)	2	1	1	1	2	2	3	5	6	1	1	1	2	1	4	1	1	1	1	1	2	2	5	4
16	(0)(16)	3	1	1	1	2	2	4	3	3	1	1	1	2	2	1	6	2	1	1	1	2	2	6	2
17	(0)(17)	4	1	1	1	2	2	5	1	4	1	1	1	2	2	2	4	6	1	1	1	2	3	1	2
18	(0)(18)	1	1	1	1	2	3	2	6	5	1	1	1	2	2	3	2	1	1	1	1	2	3	5	3
19	(0)(19)	2	1	1	1	2	3	3	4	3	1	1	1	2	3	1	5	2	1	1	1	2	3	6	1
20	(0)(20)	1	1	1	1	2	4	2	5	4	1	1	1	2	3	2	3	6	1	1	1	2	4	1	1
21	(0)(21)	1	1	1	1	3	1	3	6	5	1	1	1	2	3	3	1	1	1	1	1	2	4	5	2
22	(0)(22)	2	1	1	1	3	1	4	4	3	1	1	1	2	4	1	4	5	1	1	1	3	1	1	4
23	(0)(23)	3	1	1	1	3	1	5	2	4	1	1	1	2	4	2	2	6	1	1	1	3	1	2	2
24	(0)(24)	1	1	1	1	3	2	3	5	3	1	1	1	2	5	1	3	1	1	1	1	3	1	6	3
25	(0)(25)	2	1	1	1	3	2	4	3	4	1	1	1	2	5	2	1	5	1	1	1	3	2	1	3
26	(0)(26)	3	1	1	1	3	2	5	1	3	1	1	1	2	6	1	2	6	1	1	1	3	2	2	1
27	(0)(27)	1	1	1	1	3	3	3	4	3	1	1	1	3	1	2	5	1	1	1	1	3	2	6	2
28	(0)(28)	2	1	1	1	3	3	4	2	4	1	1	1	3	1	3	3	5	1	1	1	3	3	1	2
29	(0)(29)	1	1	1	1	4	1	4	4	5	1	1	1	3	1	4	1	1	1	1	1	3	3	6	1
30	(1)(0)	2	1	1	1	4	1	5	2	2	1	1	1	3	2	1	6	5	1	1	1	3	4	1	1
31	(1)(1)	1	1	1	1	4	2	4	3	3	1	1	1	3	2	2	4	4	1	1	1	4	1	1	4
32	(1)(2)	2	1	1	1	4	2	5	1	4	1	1	1	3	2	3	2	5	1	1	1	4	1	2	2
33	(1)(3)	1	1	1	1	5	1	5	2	2	1	1	1	3	3	1	5	4	1	1	1	4	2	1	3
34	(1)(4)	5	1	1	1	6	1	1	1	3	1	1	1	3	3	2	3	5	1	1	1	4	2	2	1
35	(1)(5)	3	1	1	2	1	1	3	5	4	1	1	1	3	3	3	1	4	1	1	1	4	3	1	2
36	(1)(6)	4	1	1	2	1	1	4	3	2	1	1	1	3	4	1	4	4	1	1	1	4	4	1	1
37	(1)(7)	5	1	1	2	1	1	5	1	3	1	1	1	3	4	2	2	3	1	1	1	5	1	1	4
38	(1)(8)	2	1	1	2	1	2	2	6	2	1	1	1	3	5	1	3	4	1	1	1	5	1	2	2
39	(1)(9)	3	1	1	2	1	2	3	4	3	1	1	1	3	5	2	1	3	1	1	1	5	2	1	3
40	(1)(10)	4	1	1	2	1	2	4	2	2	1	1	1	3	6	1	2	4	1	1	1	5	2	2	1
41	(1)(11)	2	1	1	2	1	3	2	5	2	1	1	1	4	1	2	5	3	1	1	1	5	3	1	2
42	(1)(12)	3	1	1	2	1	3	3	3	3	1	1	1	4	1	3	3	3	1	1	1	5	4	1	1
43	(1)(13)	1	1	1	2	1	4	1	6	4	1	1	1	4	1	4	1	2	1	1	1	6	1	1	4
44	(1)(14)	2	1	1	2	1	4	2	4	1	1	1	1	4	2	1	6	3	1	1	1	6	1	2	2
45	(1)(15)	3	1	1	2	1	4	3	2	2	1	1	1	4	2	2	4	2	1	1	1	6	2	1	3
46	(1)(16)	1	1	1	2	1	5	1	5	3	1	1	1	4	2	3	2	3	1	1	1	6	2	2	1
47	(1)(17)	2	1	1	2	1	5	2	3	1	1	1	1	4	3	1	5	2	1	1	1	6	3	1	2
48	(1)(18)	1	1	1	2	1	6	1	4	2	1	1	1	4	3	2	3	1	1	1	2	1	1	4	6
49	(1)(19)	2	1	1	2	2	1	3	5	3	1	1	1	4	3	3	1	2	1	1	2	1	1	5	4
50	(1)(20)	3	1	1	2	2	1	4	3	1	1	1	1	4	4	1	4	3	1	1	2	1	1	6	2
51	(1)(21)	4	1	1	2	2	1	5	1	2	1	1	1	4	4	2	2	1	1	1	2	1	2	4	5
52	(1)(22)	1	1	1	2	2	2	2	6	1	1	1	1	4	5	1	3	2	1	1	2	1	2	5	3
53	(1)(23)	2	1	1	2	2	2	3	4	2	1	1	1	4	5	2	1	3	1	1	2	1	2	6	1
54	(1)(24)	3	1	1	2	2	2	4	2	1	1	1	1	5	1	2	5	1	1	1	2	1	3	4	4
55	(1)(25)	1	1	1	2	2	3	2	5	2	1	1	1	5	1	3	3	2	1	1	2	1	3	5	2
56	(1)(26)	2	1	1	2	2	3	3	3	3	1	1	1	5	1	4	1	1	1	1	2	1	4	4	3
57	(1)(27)	3	1	1	2	2	3	4	1	1	1	1	1	5	2	2	4	2	1	1	2	1	4	5	1
58	(1)(28)	1	1	1	2	2	4	2	4	2	1	1	1	5	2	3	2	1	1	1	2	1	5	4	2
59	(1)(29)	2	1	1	2	2	4	3	2	1	1	1	1	5	3	2	3	6	1	1	2	2	1	1	3
60	(2)(0)	1	1	1	2	3	1	3	5	2	1	1	1	5	3	3	1	1	1	1	2	2	1	5	4
61	(2)(1)	2	1	1	2	3	1	4	3	1	1	1	1	5	4	2	2	2	1	1	2	2	1	6	2
62	(2)(2)	3	1	1	2	3	1	5	1	1	1	1	1	6	1	3	3	6	1	1	2	2	2	1	2
63	(2)(3)	1	1	1	2	3	2	3	4	2	1	1	1	6	1	4	1	1	1	1	2	2	2	5	3
64	(2)(4)	2	1	1	2	3	2	4	2	1	1	1	1	6	2	3	2	2	1	1	2	2	2	6	1
65	(2)(5)	1	1	1	2	3	3	3	3	1	1	1	1	6	3	3	1	6	1	1	2	2	3	1	1
66	(2)(6)	2	1	1	2	3	3	4	1	4	1	1	2	1	1	1	6	1	1	1	2	2	3	5	2
67	(2)(7)	1	1	1	2	4	1	4	3	5	1	1	2	1	1	2	4	1	1	1	2	2	4	5	1
68	(2)(8)	2	1	1	2	4	1	5	1	6	1	1	2	1	1	3	2	5	1	1	2	3	1	1	3
69	(2)(9)	1	1	1	2	4	2	4	2	4	1	1	2	1	2	1	5	6	1	1	2	3	1	2	1
70	(2)(10)	1	1	1	2	4	3	4	1	5	1	1	2	1	2	2	3	1	1	1	2	3	1	6	2
71	(2)(11)	2	1	1	3	1	1	2	6	6	1	1	2	1	2	3	1	5	1	1	2	3	2	1	2
72	(2)(12)	3	1	1	3	1	1	3	4	4	1	1	2	1	3	1	4	1	1	1	2	3	2	6	1
73	(2)(13)	4	1	1	3	1	1	4	2	5	1	1	2	1	3	2	2	5	1	1	2	3	3	1	1
74	(2)(14)	2	1	1	3	1	2	2	5	4	1	1	2	1	4	1	3	4	1	1	2	4	1	1	3
75	(2)(15)	3	1	1	3	1	2	3	3	5	1	1	2	1	4	2	1	5	1	1	2	4	1	2	1
76	(2)(16)	4	1	1	3	1	2	4	1	4	1	1	2	1	5	1	2	4	1	1	2	4	2	1	2
77	(2)(17)	1	1	1	3	1	3	1	6	4	1	1	2	1	6	1	1	4	1	1	2	4	3	1	1
78	(2)(18)	2	1	1	3	1	3	2	4	3	1	1	2	2	1	1	6	3	1	1	2	5	1	1	3
79	(2)(19)	3	1	1	3	1	3	3	2	4	1	1	2	2	1	2	4	4	1	1	2	5	1	2	1
80	(2)(20)	1	1	1	3	1	4	1	5	5	1	1	2	2	1	3	2	3	1	1	2	5	2	1	2
81	(2)(21)	2	1	1	3	1	4	2	3	3	1	1	2	2	2	1	5	3	1	1	2	5	3	1	1
82	(2)(22)	1	1	1	3	1	5	1	4	4	1	1	2	2	2	2	3	2	1	1	2	6	1	1	3
83	(2)(23)	1	1	1	3	1	6	1	3	5	1	1	2	2	2	3	1	3	1	1	2	6	1	2	1
84	(2)(24)	1	1	1	3	2	1	2	6	3	1	1	2	2	3	1	4	2	1	1	2	6	2	1	2
85	(2)(25)	2	1	1	3	2	1	3	4	4	1	1	2	2	3	2	2	2	1	1	2	6	3	1	1
86	(2)(26)	3	1	1	3	2	1	4	2	3	1	1	2	2	4	1	3	1	1	1	3	1	1	4	5
87	(2)(27)	1	1	1	3	2	2	2	5	4	1	1	2	2	4	2	1	2	1	1	3	1	1	5	3
88	(2)(28)	2	1	1	3	2	2	3	3	3	1	1	2	2	5	1	2	3	1	1	3	1	1	6	1
89	(2)(29)	3	1	1	3	2	2	4	1	3	1	1	2	2	6	1	1	1	1	1	3	1	2	4	4
90	(3)(0)	1	1	1	3	2	3	2	4	2	1	1	2	3	1	1	6	2	1	1	3	1	2	5	2
91	(3)(1)	2	1	1	3	2	3	3	2	3	1	1	2	3	1	2	4	1	1	1	3	1	3	4	3
92	(3)(2)	1	1	1	3	2	4	2	3	4	1	1	2	3	1	3	2	2	1	1	3	1	3	5	1
93	(3)(3)	1	1	1	3	2	5	2	2	2	1	1	2	3	2	1	5	1	1	1	3	1	4	4	2
94	(3)(4)	1	1	1	3	3	1	3	4	3	1	1	2	3	2	2	3	1	1	1	3	1	5	4	1
95	(3)(5)	2	1	1	3	3	1	4	2	4	1	1	2	3	2	3	1	6	1	1	3	2	1	1	2
96	(3)(6)	1	1	1	3	3	2	3	3	2	1	1	2	3	3	1	4	1	1	1	3	2	1	5	3
97	(3)(7)	2	1	1	3	3	2	4	1	3	1	1	2	3	3	2	2	2	1	1	3	2	1	6	1
98	(3)(8)	1	1	1	3	3	3	3	2	2	1	1	2	3	4	1	3	6	1	1	3	2	2	1	1
99	(3)(9)	1	1	1	3	4	1	4	2	3	1	1	2	3	4	2	1	1	1	1	3	2	2	5	2
100	(3)(10)	2	1	1	4	1	1	2	5	2	1	1	2	3	5	1	2	1	1	1	3	2	3	5	1
101	(3)(11)	3	1	1	4	1	1	3	3	2	1	1	2	3	6	1	1	5	1	1	3	3	1	1	2
102	(3)(12)	4	1	1	4	1	1	4	1	1	1	1	2	4	1	1	6	1	1	1	3	3	1	6	1
103	(3)(13)	1	1	1	4	1	2	1	6	2	1	1	2	4	1	2	4	5	1	1	3	3	2	1	1
104	(3)(14)	2	1	1	4	1	2	2	4	3	1	1	2	4	1	3	2	4	1	1	3	4	1	1	2
105	(3)(15)	3	1	1	4	1	2	3	2	1	1	1	2	4	2	1	5	4	1	1	3	4	2	1	1
106	(3)(16)	1	1	1	4	1	3	1	5	2	1	1	2	4	2	2	3	3	1	1	3	5	1	1	2
107	(3)(17)	2	1	1	4	1	3	2	3	3	1	1	2	4	2	3	1	3	1	1	3	5	2	1	1
108	(3)(18)	3	1	1	4	1	3	3	1	1	1	1	2	4	3	1	4	2	1	1	3	6	1	1	2
109	(3)(19)	1	1	1	4	1	4	1	4	2	1	1	2	4	3	2	2	2	1	1	3	6	2	1	1
110	(3)(20)	2	1	1	4	1	4	2	2	1	1	1	2	4	4	1	3	1	1	1	4	1	1	4	4
111	(3)(21)	1	1	1	4	1	5	1	3	2	1	1	2	4	4	2	1	2	1	1	4	1	1	5	2
112	(3)(22)	2	1	1	4	1	5	2	1	1	1	1	2	4	5	1	2	1	1	1	4	1	2	4	3
113	(3)(23)	1	1	1	4	2	1	2	5	1	1	1	2	5	1	2	4	2	1	1	4	1	2	5	1
114	(3)(24)	2	1	1	4	2	1	3	3	2	1	1	2	5	1	3	2	1	1	1	4	1	3	4	2
115	(3)(25)	3	1	1	4	2	1	4	1	1	1	1	2	5	2	2	3	1	1	1	4	1	4	4	1
116	(3)(26)	1	1	1	4	2	2	2	4	2	1	1	2	5	2	3	1	6	1	1	4	2	1	1	1
117	(3)(27)	2	1	1	4	2	2	3	2	1	1	1	2	5	3	2	2	1	1	1	4	2	1	5	2
118	(3)(28)	1	1	1	4	2	3	2	3	1	1	1	2	5	4	2	1	1	1	1	4	2	2	5	1
119	(3)(29)	2	1	1	4	2	3	3	1	1	1	1	2	6	1	3	2	5	1	1	4	3	1	1	1
120	(4)(0)	1	1	1	4	2	4	2	2	1	1	1	2	6	2	3	1	4	1	1	4	4	1	1	1
121	(4)(1)	1	1	1	4	2	5	2	1	4	1	1	3	1	1	1	5	3	1	1	4	5	1	1	1
122	(4)(2)	2	1	1	4	3	1	4	1	5	1	1	3	1	1	2	3	1	1	1	5	1	1	4	3
123	(4)(3)	1	1	1	4	3	3	3	1	6	1	1	3	1	1	3	1	2	1	1	5	1	1	5	1
124	(4)(4)	1	1	1	5	1	1	1	6	4	1	1	3	1	2	1	4	1	1	1	5	1	2	4	2
125	(4)(5)	2	1	1	5	1	1	2	4	5	1	1	3	1	2	2	2	1	1	1	5	1	3	4	1
126	(4)(6)	3	1	1	5	1	1	3	2	4	1	1	3	1	3	1	3	1	1	1	5	2	1	5	1
127	(4)(7)	1	1	1	5	1	2	1	5	5	1	1	3	1	3	2	1	1	1	1	6	1	1	4	2
128	(4)(8)	2	1	1	5	1	2	2	3	4	1	1	3	1	4	1	2	1	1	1	6	1	2	4	1
129	(4)(9)	3	1	1	5	1	2	3	1	4	1	1	3	1	5	1	1	1	2	1	1	1	1	4	6
130	(4)(10)	1	1	1	5	1	3	1	4	3	1	1	3	2	1	1	5	2	2	1	1	1	1	5	4
131	(4)(11)	2	1	1	5	1	3	2	2	4	1	1	3	2	1	2	3	3	2	1	1	1	1	6	2
132	(4)(12)	1	1	1	5	1	4	1	3	5	1	1	3	2	1	3	1	1	2	1	1	1	2	4	5
133	(4)(13)	2	1	1	5	1	4	2	1	3	1	1	3	2	2	1	4	2	2	1	1	1	2	5	3
134	(4)(14)	1	1	1	5	1	5	1	2	4	1	1	3	2	2	2	2	3	2	1	1	1	2	6	1
135	(4)(15)	1	1	1	5	2	1	2	4	3	1	1	3	2	3	1	3	1	2	1	1	1	3	4	4
136	(4)(16)	1	1	1	5	2	2	2	3	4	1	1	3	2	3	2	1	2	2	1	1	1	3	5	2
137	(4)(17)	1	1	1	5	2	3	2	2	3	1	1	3	2	4	1	2	1	2	1	1	1	4	4	3
138	(4)(18)	1	1	1	6	1	1	1	5	3	1	1	3	2	5	1	1	2	2	1	1	1	4	5	1
139	(4)(19)	3	1	1	6	1	1	3	1	2	1	1	3	3	1	1	5	1	2	1	1	1	5	4	2
140	(4)(20)	2	1	1	6	1	2	2	2	3	1	1	3	3	1	2	3	6	2	1	1	2	1	1	3
141	(4)(21)	2	1	1	6	1	3	2	1	4	1	1	3	3	1	3	1	1	2	1	1	2	1	5	4
142	(4)(22)	1	1	1	6	1	5	1	1	2	1	1	3	3	2	1	4	2	2	1	1	2	1	6	2
143	(4)(23)	3	2	1	1	1	1	3	5	3	1	1	3	3	2	2	2	6	2	1	1	2	2	1	2
144	(4)(24)	4	2	1	1	1	1	4	3	2	1	1	3	3	3	1	3	1	2	1	1	2	2	5	3
145	(4)(25)	5	2	1	1	1	1	5	1	3	1	1	3	3	3	2	1	2	2	1	1	2	2	6	1
146	(4)(26)	2	2	1	1	1	2	2	6	2	1	1	3	3	4	1	2	6	2	1	1	2	3	1	1
147	(4)(27)	3	2	1	1	1	2	3	4	2	1	1	3	3	5	1	1	1	2	1	1	2	3	5	2
148	(4)(28)	4	2	1	1	1	2	4	2	1	1	1	3	4	1	1	5	1	2	1	1	2	4	5	1
149	(4)(29)	2	2	1	1	1	3	2	5	2	1	1	3	4	1	2	3	5	2	1	1	3	1	1	3
150	(5)(0)	3	2	1	1	1	3	3	3	3	1	1	3	4	1	3	1	6	2	1	1	3	1	2	1
151	(5)(1)	4	2	1	1	1	3	4	1	1	1	1	3	4	2	1	4	1	2	1	1	3	1	6	2
152	(5)(2)	1	2	1	1	1	4	1	6	2	1	1	3	4	2	2	2	5	2	1	1	3	2	1	2
153	(5)(3)	2	2	1	1	1	4	2	4	1	1	1	3	4	3	1	3	1	2	1	1	3	2	6	1
154	(5)(4)	1	2	1	1	1	5	1	5	2	1	1	3	4	3	2	1	5	2	1	1	3	3	1	1
155	(5)(5)	2	2	1	1	2	1	3	5	1	1	1	3	4	4	1	2	4	2	1	1	4	1	1	3
156	(5)(6)	3	2	1	1	2	1	4	3	1	1	1	3	4	5	1	1	5	2	1	1	4	1	2	1
157	(5)(7)	4	2	1	1	2	1	5	1	1	1	1	3	5	1	2	3	4	2	1	1	4	2	1	2
158	(5)(8)	1	2	1	1	2	2	2	6	2	1	1	3	5	1	3	1	4	2	1	1	4	3	1	1
159	(5)(9)	2	2	1	1	2	2	3	4	1	1	1	3	5	2	2	2	3	2	1	1	5	1	1	3
160	(5)(10)	3	2	1	1	2	2	4	2	1	1	1	3	5	3	2	1	4	2	1	1	5	1	2	1
161	(5)(11)	1	2	1	1	2	3	2	5	1	1	1	3	6	1	3	1	3	2	1	1	5	2	1	2
162	(5)(12)	2	2	1	1	2	3	3	3	4	1	1	4	1	1	1	4	3	2	1	1	5	3	1	1
163	(5)(13)	1	2	1	1	2	4	2	4	5	1	1	4	1	1	2	2	2	2	1	1	6	1	1	3
164	(5)(14)	1	2	1	1	2	5	2	3	4	1	1	4	1	2	1	3	3	2	1	1	6	1	2	1
165	(5)(15)	1	2	1	1	3	1	3	5	5	1	1	4	1	2	2	1	2	2	1	1	6	2	1	2
166	(5)(16)	2	2	1	1	3	1	4	3	4	1	1	4	1	3	1	2	2	2	1	1	6	3	1	1
167	(5)(17)	3	2	1	1	3	1	5	1	4	1	1	4	1	4	1	1	2	1	2	1	1	1	4	5
168	(5)(18)	1	2	1	1	3	2	3	4	3	1	1	4	2	1	1	4	3	1	2	1	1	1	5	3
169	(5)(19)	2	2	1	1	3	2	4	2	4	1	1	4	2	1	2	2	4	1	2	1	1	1	6	1
170	(5)(20)	1	2	1	1	3	3	3	3	3	1	1	4	2	2	1	3	1	1	2	1	1	2	3	6
171	(5)(21)	1	2	1	1	3	4	3	2	4	1	1	4	2	2	2	1	2	1	2	1	1	2	4	4
172	(5)(22)	1	2	1	1	4	1	4	3	3	1	1	4	2	3	1	2	3	1	2	1	1	2	5	2
173	(5)(23)	2	2	1	1	4	1	5	1	3	1	1	4	2	4	1	1	1	1	2	1	1	3	3	5
174	(5)(24)	1	2	1	1	4	2	4	2	2	1	1	4	3	1	1	4	2	1	2	1	1	3	4	3
175	(5)(25)	1	2	1	1	5	1	5	1	3	1	1	4	3	1	2	2	3	1	2	1	1	3	5	1
176	(5)(26)	3	1	2	1	1	1	2	6	2	1	1	4	3	2	1	3	1	1	2	1	1	4	3	4
177	(5)(27)	4	1	2	1	1	1	3	4	3	1	1	4	3	2	2	1	2	1	2	1	1	4	4	2
178	(5)(28)	5	1	2	1	1	1	4	2	2	1	1	4	3	3	1	2	1	1	2	1	1	5	3	3
179	(5)(29)	3	1	2	1	1	2	2	5	2	1	1	4	3	4	1	1	2	1	2	1	1	5	4	1
180	(6)(0)	4	1	2	1	1	2	3	3	1	1	1	4	4	1	1	4	1	1	2	1	1	6	3	2
181	(6)(1)	5	1	2	1	1	2	4	1	2	1	1	4	4	1	2	2	1	2	1	2	1	1	4	5
182	(6)(2)	2	1	2	1	1	3	1	6	1	1	1	4	4	2	1	3	2	2	1	2	1	1	5	3
183	(6)(3)	3	1	2	1	1	3	2	4	2	1	1	4	4	2	2	1	3	2	1	2	1	1	6	1
184	(6)(4)	4	1	2	1	1	3	3	2	1	1	1	4	4	3	1	2	1	1	2	1	2	1	4	5
185	(6)(5)	2	1	2	1	1	4	1	5	1	1	1	4	4	4	1	1	1	2	1	2	1	2	4	4
186	(6)(6)	3	1	2	1	1	4	2	3	1	1	1	4	5	1	2	2	2	2	1	2	1	2	5	2
187	(6)(7)	4	1	2	1	1	4	3	1	1	1	1	4	5	2	2	1	1	1	2	1	2	2	4	4
188	(6)(8)	2	1	2	1	1	5	1	4	4	1	1	5	1	1	1	3	2	1	2	1	2	2	5	2
189	(6)(9)	3	1	2	1	1	5	2	2	5	1	1	5	1	1	2	1	2	2	1	2	1	3	5	1
190	(6)(10)	2	2	1	2	1	1	2	6	4	1	1	5	1	2	1	2	1	1	2	1	2	3	4	3
191	(6)(11)	3	2	1	2	1	1	3	4	4	1	1	5	1	3	1	1	1	2	1	2	1	4	4	2
192	(6)(12)	4	2	1	2	1	1	4	2	3	1	1	5	2	1	1	3	1	1	2	1	2	4	4	2
193	(6)(13)	2	1	2	1	2	1	2	6	4	1	1	5	2	1	2	1	1	2	1	2	1	5	4	1
194	(6)(14)	2	2	1	2	1	2	2	5	3	1	1	5	2	2	1	2	1	1	2	1	2	5	4	1
195	(6)(15)	3	2	1	2	1	2	3	3	3	1	1	5	2	3	1	1	6	2	1	2	2	1	1	2
196	(6)(16)	4	2	1	2	1	2	4	1	2	1	1	5	3	1	1	3	1	2	1	2	2	1	5	3
197	(6)(17)	2	1	2	1	2	2	2	5	3	1	1	5	3	1	2	1	2	2	1	2	2	1	6	1
198	(6)(18)	3	1	2	1	2	2	3	3	2	1	1	5	3	2	1	2	6	1	2	1	3	1	1	2
199	(6)(19)	4	1	2	1	2	2	4	1	2	1	1	5	3	3	1	1	6	2	1	2	2	2	1	1
200	(6)(20)	1	1	2	1	2	3	1	6	1	1	1	5	4	1	1	3	1	1	2	1	3	1	5	3
201	(6)(21)	1	2	1	2	1	4	1	5	2	1	1	5	4	1	2	1	1	2	1	2	2	2	5	2
202	(6)(22)	2	2	1	2	1	4	2	3	1	1	1	5	4	2	1	2	6	1	2	1	3	2	1	1
203	(6)(23)	3	2	1	2	1	4	3	1	1	1	1	5	4	3	1	1	1	1	2	1	3	2	5	2
204	(6)(24)	1	1	2	1	2	4	1	5	4	1	1	6	1	1	1	2	1	2	1	2	2	3	5	1
205	(6)(25)	2	1	2	1	2	4	2	3	4	1	1	6	1	2	1	1	1	1	2	1	3	3	5	1
206	(6)(26)	1	1	2	1	2	5	1	4	3	1	1	6	2	1	1	2	5	2	1	2	3	1	1	2
207	(6)(27)	1	2	1	2	2	1	2	6	3	1	1	6	2	2	1	1	1	2	1	2	3	1	6	1
208	(6)(28)	2	2	1	2	2	1	3	4	2	1	1	6	3	1	1	2	5	1	2	1	4	1	1	2
209	(6)(29)	3	2	1	2	2	1	4	2	2	1	1	6	3	2	1	1	5	2	1	2	3	2	1	1
210	(7)(0)	1	1	2	1	3	1	2	6	4	2	1	1	1	1	1	6	1	1	2	1	4	1	6	1
211	(7)(1)	1	2	1	2	2	2	2	5	5	2	1	1	1	1	2	4	5	1	2	1	4	2	1	1
212	(7)(2)	2	2	1	2	2	2	3	3	6	2	1	1	1	1	3	2	4	2	1	2	4	1	1	2
213	(7)(3)	3	2	1	2	2	2	4	1	4	2	1	1	1	2	1	5	4	1	2	1	5	1	1	2
214	(7)(4)	1	1	2	1	3	2	2	5	5	2	1	1	1	2	2	3	4	2	1	2	4	2	1	1
215	(7)(5)	2	1	2	1	3	2	3	3	6	2	1	1	1	2	3	1	4	1	2	1	5	2	1	1
216	(7)(6)	3	1	2	1	3	2	4	1	4	2	1	1	1	3	1	4	3	2	1	2	5	1	1	2
217	(7)(7)	1	1	2	1	3	3	2	4	5	2	1	1	1	3	2	2	3	1	2	1	6	1	1	2
218	(7)(8)	1	2	1	2	2	4	2	3	4	2	1	1	1	4	1	3	3	2	1	2	5	2	1	1
219	(7)(9)	1	1	2	1	3	4	2	3	5	2	1	1	1	4	2	1	3	1	2	1	6	2	1	1
220	(7)(10)	1	2	1	2	3	1	3	4	4	2	1	1	1	5	1	2	2	2	1	2	6	1	1	2
221	(7)(11)	2	2	1	2	3	1	4	2	4	2	1	1	1	6	1	1	2	2	1	2	6	2	1	1
222	(7)(12)	1	1	2	1	4	1	3	4	3	2	1	1	2	1	1	6	1	1	2	2	1	1	3	6
223	(7)(13)	1	2	1	2	3	2	3	3	4	2	1	1	2	1	2	4	2	1	2	2	1	1	4	4
224	(7)(14)	2	2	1	2	3	2	4	1	5	2	1	1	2	1	3	2	3	1	2	2	1	1	5	2
225	(7)(15)	1	1	2	1	4	2	3	3	3	2	1	1	2	2	1	5	1	1	2	2	1	2	3	5
226	(7)(16)	2	1	2	1	4	2	4	1	4	2	1	1	2	2	2	3	2	1	2	2	1	2	4	3
227	(7)(17)	1	1	2	1	4	3	3	2	5	2	1	1	2	2	3	1	3	1	2	2	1	2	5	1
228	(7)(18)	1	2	1	2	4	1	4	2	3	2	1	1	2	3	1	4	1	1	2	2	1	3	3	4
229	(7)(19)	1	1	2	1	5	1	4	2	4	2	1	1	2	3	2	2	2	1	2	2	1	3	4	2
230	(7)(20)	1	2	1	2	4	2	4	1	3	2	1	1	2	4	1	3	1	1	2	2	1	4	3	3
231	(7)(21)	1	1	2	1	5	2	4	1	4	2	1	1	2	4	2	1	2	1	2	2	1	4	4	1
232	(7)(22)	3	1	2	2	1	1	2	5	3	2	1	1	2	5	1	2	1	1	2	2	1	5	3	2
233	(7)(23)	4	1	2	2	1	1	3	3	3	2	1	1	2	6	1	1	1	1	2	2	1	6	3	1
234	(7)(24)	5	1	2	2	1	1	4	1	2	2	1	1	3	1	1	6	1	2	1	3	1	1	4	4
235	(7)(25)	2	1	2	2	1	2	1	6	3	2	1	1	3	1	2	4	2	2	1	3	1	1	5	2
236	(7)(26)	3	1	2	2	1	2	2	4	4	2	1	1	3	1	3	2	1	1	2	2	2	1	4	4
237	(7)(27)	4	1	2	2	1	2	3	2	2	2	1	1	3	2	1	5	1	2	1	3	1	2	4	3
238	(7)(28)	2	1	2	2	1	3	1	5	3	2	1	1	3	2	2	3	2	2	1	3	1	2	5	1
239	(7)(29)	3	1	2	2	1	3	2	3	4	2	1	1	3	2	3	1	1	1	2	2	2	2	4	3
240	(8)(0)	4	1	2	2	1	3	3	1	2	2	1	1	3	3	1	4	2	1	2	2	2	2	5	1
241	(8)(1)	2	1	2	2	1	4	1	4	3	2	1	1	3	3	2	2	1	1	2	2	2	3	4	2
242	(8)(2)	3	1	2	2	1	4	2	2	2	2	1	1	3	4	1	3	1	2	1	3	1	4	4	1
243	(8)(3)	2	1	2	2	1	5	1	3	3	2	1	1	3	4	2	1	1	1	2	2	2	4	4	1
244	(8)(4)	2	1	2	2	1	6	1	2	2	2	1	1	3	5	1	2	6	2	1	3	2	1	1	1
245	(8)(5)	2	2	1	3	1	1	2	5	2	2	1	1	3	6	1	1	1	2	1	3	2	1	5	2
246	(8)(6)	3	2	1	3	1	1	3	3	1	2	1	1	4	1	1	6	6	1	2	2	3	1	1	1
247	(8)(7)	4	2	1	3	1	1	4	1	2	2	1	1	4	1	2	4	1	1	2	2	3	1	5	2
248	(8)(8)	2	1	2	2	2	1	2	5	3	2	1	1	4	1	3	2	1	2	1	3	2	2	5	1
249	(8)(9)	2	2	1	3	1	2	2	4	1	2	1	1	4	2	1	5	1	1	2	2	3	2	5	1
250	(8)(10)	3	2	1	3	1	2	3	2	2	2	1	1	4	2	2	3	5	2	1	3	3	1	1	1
251	(8)(11)	1	1	2	2	2	2	1	6	3	2	1	1	4	2	3	1	5	1	2	2	4	1	1	1
252	(8)(12)	1	2	1	3	1	3	1	5	1	2	1	1	4	3	1	4	4	2	1	3	4	1	1	1
253	(8)(13)	3	1	2	2	2	2	3	2	2	2	1	1	4	3	2	2	4	1	2	2	5	1	1	1
254	(8)(14)	3	2	1	3	1	3	3	1	1	2	1	1	4	4	1	3	3	2	1	3	5	1	1	1
255	(8)(15)	1	1	2	2	2	3	1	5	2	2	1	1	4	4	2	1	3	1	2	2	6	1	1	1
256	(8)(16)	1	2	1	3	1	4	1	4	1	2	1	1	4	5	1	2	2	2	1	3	6	1	1	1
257	(8)(17)	2	2	1	3	1	4	2	2	1	2	1	1	5	1	2	4	1	1	2	3	1	1	3	5
258	(8)(18)	1	1	2	2	2	4	1	4	2	2	1	1	5	1	3	2	2	1	2	3	1	1	4	3
259	(8)(19)	2	1	2	2	2	4	2	2	1	2	1	1	5	2	2	3	3	1	2	3	1	1	5	1
260	(8)(20)	2	2	1	3	1	5	2	1	2	2	1	1	5	2	3	1	1	1	2	3	1	2	3	4
261	(8)(21)	1	2	1	3	1	6	1	2	1	2	1	1	5	3	2	2	2	1	2	3	1	2	4	2
262	(8)(22)	1	2	1	3	2	1	2	5	1	2	1	1	5	4	2	1	1	1	2	3	1	3	3	3
263	(8)(23)	2	2	1	3	2	1	3	3	1	2	1	1	6	1	3	2	2	1	2	3	1	3	4	1
264	(8)(24)	3	2	1	3	2	1	4	1	1	2	1	1	6	2	3	1	1	1	2	3	1	4	3	2
265	(8)(25)	1	1	2	2	3	1	2	5	5	1	2	1	1	1	1	5	1	1	2	3	1	5	3	1
266	(8)(26)	1	2	1	3	2	2	2	4	6	1	2	1	1	1	2	3	1	2	1	4	1	1	4	3
267	(8)(27)	2	2	1	3	2	2	3	2	1	1	2	1	1	1	6	4	2	2	1	4	1	1	5	1
268	(8)(28)	1	1	2	2	3	2	2	4	5	1	2	1	1	2	1	4	1	1	2	3	2	1	4	3
269	(8)(29)	2	1	2	2	3	2	3	2	6	1	2	1	1	2	2	2	1	2	1	4	1	2	4	2
270	(9)(0)	2	2	1	3	2	3	3	1	1	1	2	1	1	2	6	3	1	1	2	3	2	2	4	2
271	(9)(1)	1	1	2	2	3	3	2	3	5	1	2	1	1	3	1	3	1	2	1	4	1	3	4	1
272	(9)(2)	1	2	1	3	2	4	2	2	6	1	2	1	1	3	2	1	1	1	2	3	2	3	4	1
273	(9)(3)	1	2	1	3	2	5	2	1	1	1	2	1	1	3	6	2	1	2	1	4	2	1	5	1
274	(9)(4)	1	2	1	3	3	1	3	3	5	1	2	1	1	4	1	2	1	1	2	3	3	1	5	1
275	(9)(5)	2	2	1	3	3	1	4	1	5	1	2	1	1	5	1	1	1	1	2	4	1	1	3	4
276	(9)(6)	1	1	2	2	4	1	3	3	4	2	1	2	1	1	1	5	2	1	2	4	1	1	4	2
277	(9)(7)	1	2	1	3	3	2	3	2	5	2	1	2	1	1	2	3	1	1	2	4	1	2	3	3
278	(9)(8)	1	1	2	2	4	2	3	2	6	2	1	2	1	1	3	1	2	1	2	4	1	2	4	1
279	(9)(9)	1	2	1	3	3	3	3	1	4	1	2	1	2	1	1	5	1	1	2	4	1	3	3	2
280	(9)(10)	1	1	2	2	4	3	3	1	4	2	1	2	1	2	1	4	1	1	2	4	1	4	3	1
281	(9)(11)	1	1	2	2	5	1	4	1	6	1	2	1	2	1	3	1	1	2	1	5	1	1	4	2
282	(9)(12)	2	1	2	3	1	1	1	6	4	1	2	1	2	2	1	4	1	1	2	4	2	1	4	2
283	(9)(13)	3	1	2	3	1	1	2	4	5	1	2	1	2	2	2	2	1	2	1	5	1	2	4	1
284	(9)(14)	4	1	2	3	1	1	3	2	5	2	1	2	1	3	2	1	1	1	2	4	2	2	4	1
285	(9)(15)	2	1	2	3	1	2	1	5	4	1	2	1	2	3	1	3	1	1	2	5	1	1	3	3
286	(9)(16)	3	1	2	3	1	2	2	3	4	2	1	2	1	4	1	2	2	1	2	5	1	1	4	1
287	(9)(17)	4	1	2	3	1	2	3	1	4	1	2	1	2	4	1	2	1	1	2	5	1	2	3	2
288	(9)(18)	2	1	2	3	1	3	1	4	4	2	1	2	1	5	1	1	1	1	2	5	1	3	3	1
289	(9)(19)	3	1	2	3	1	3	2	2	4	1	2	1	2	5	1	1	1	2	1	6	1	1	4	1
290	(9)(20)	2	1	2	3	1	4	1	3	3	2	1	2	2	1	1	5	1	1	2	5	2	1	4	1
291	(9)(21)	3	1	2	3	1	4	2	1	4	2	1	2	2	1	2	3	1	1	2	6	1	1	3	2
292	(9)(22)	2	1	2	3	1	5	1	2	5	2	1	2	2	1	3	1	1	1	2	6	1	2	3	1
293	(9)(23)	2	1	2	3	1	6	1	1	3	1	2	1	3	1	1	5	1	3	1	1	1	1	4	5
294	(9)(24)	1	2	1	4	1	1	1	6	3	2	1	2	2	2	1	4	2	3	1	1	1	1	5	3
295	(9)(25)	2	2	1	4	1	1	2	4	4	2	1	2	2	2	2	2	3	3	1	1	1	1	6	1
296	(9)(26)	3	2	1	4	1	1	3	2	3	1	2	1	3	2	1	4	1	3	1	1	1	2	4	4
297	(9)(27)	1	1	2	3	2	1	1	6	4	1	2	1	3	2	2	2	2	3	1	1	1	2	5	2
298	(9)(28)	1	2	1	4	1	2	1	5	4	2	1	2	2	3	2	1	1	3	1	1	1	3	4	3
299	(9)(29)	2	2	1	4	1	2	2	3	3	1	2	1	3	3	1	3	2	3	1	1	1	3	5	1
300	(10)(0)	3	2	1	4	1	2	3	1	3	2	1	2	2	4	1	2	1	3	1	1	1	4	4	2
301	(10)(1)	1	1	2	3	2	2	1	5	3	1	2	1	3	4	1	2	1	3	1	1	1	5	4	1
302	(10)(2)	2	1	2	3	2	2	2	3	3	2	1	2	2	5	1	1	6	3	1	1	2	1	1	2
303	(10)(3)	3	1	2	3	2	2	3	1	3	1	2	1	3	5	1	1	1	3	1	1	2	1	5	3
304	(10)(4)	1	1	2	3	2	3	1	4	2	2	1	2	3	1	1	5	2	3	1	1	2	1	6	1
305	(10)(5)	1	2	1	4	1	4	1	3	3	2	1	2	3	1	2	3	6	3	1	1	2	2	1	1
306	(10)(6)	2	2	1	4	1	4	2	1	4	2	1	2	3	1	3	1	1	3	1	1	2	2	5	2
307	(10)(7)	1	1	2	3	2	4	1	3	2	1	2	1	4	1	1	5	1	3	1	1	2	3	5	1
308	(10)(8)	2	1	2	3	2	4	2	1	2	2	1	2	3	2	1	4	5	3	1	1	3	1	1	2
309	(10)(9)	1	1	2	3	2	5	1	2	3	2	1	2	3	2	2	2	1	3	1	1	3	1	6	1
310	(10)(10)	1	2	1	4	2	1	2	4	2	1	2	1	4	2	1	4	5	3	1	1	3	2	1	1
311	(10)(11)	2	2	1	4	2	1	3	2	3	1	2	1	4	2	2	2	4	3	1	1	4	1	1	2
312	(10)(12)	1	1	2	3	3	1	2	4	3	2	1	2	3	3	2	1	4	3	1	1	4	2	1	1
313	(10)(13)	1	2	1	4	2	2	2	3	2	1	2	1	4	3	1	3	3	3	1	1	5	1	1	2
314	(10)(14)	2	2	1	4	2	2	3	1	2	2	1	2	3	4	1	2	3	3	1	1	5	2	1	1
315	(10)(15)	1	1	2	3	3	2	2	3	2	1	2	1	4	4	1	2	2	3	1	1	6	1	1	2
316	(10)(16)	2	1	2	3	3	2	3	1	2	2	1	2	3	5	1	1	2	3	1	1	6	2	1	1
317	(10)(17)	1	1	2	3	3	3	2	2	2	1	2	1	4	5	1	1	1	2	2	1	1	1	3	6
318	(10)(18)	1	2	1	4	2	4	2	1	1	2	1	2	4	1	1	5	2	2	2	1	1	1	4	4
319	(10)(19)	1	1	2	3	3	4	2	1	2	2	1	2	4	1	2	3	3	2	2	1	1	1	5	2
320	(10)(20)	1	1	2	3	4	1	3	2	3	2	1	2	4	1	3	1	1	2	2	1	1	2	3	5
321	(10)(21)	1	1	2	3	4	2	3	1	1	1	2	1	5	1	1	5	2	2	2	1	1	2	4	3
322	(10)(22)	2	1	2	4	1	1	1	5	1	2	1	2	4	2	1	4	3	2	2	1	1	2	5	1
323	(10)(23)	3	1	2	4	1	1	2	3	2	2	1	2	4	2	2	2	1	2	2	1	1	3	3	4
324	(10)(24)	4	1	2	4	1	1	3	1	1	1	2	1	5	2	1	4	2	2	2	1	1	3	4	2
325	(10)(25)	2	1	2	4	1	2	1	4	2	1	2	1	5	2	2	2	1	2	2	1	1	4	3	3
326	(10)(26)	3	1	2	4	1	2	2	2	2	2	1	2	4	3	2	1	2	2	2	1	1	4	4	1
327	(10)(27)	2	1	2	4	1	3	1	3	1	1	2	1	5	3	1	3	1	2	2	1	1	5	3	2
328	(10)(28)	3	1	2	4	1	3	2	1	1	2	1	2	4	4	1	2	1	2	2	1	1	6	3	1
329	(10)(29)	2	1	2	4	1	4	1	2	1	1	2	1	5	4	1	2	1	3	1	2	1	1	4	4
330	(11)(0)	2	1	2	4	1	5	1	1	1	2	1	2	4	5	1	1	2	3	1	2	1	1	5	2
331	(11)(1)	1	2	1	5	1	1	1	5	1	2	1	2	5	1	2	3	1	2	2	1	2	1	4	4
332	(11)(2)	2	2	1	5	1	1	2	3	2	2	1	2	5	1	3	1	1	3	1	2	1	2	4	3
333	(11)(3)	3	2	1	5	1	1	3	1	1	1	2	1	6	1	2	3	2	3	1	2	1	2	5	1
334	(11)(4)	1	1	2	4	2	1	1	5	1	2	1	2	5	2	2	2	1	2	2	1	2	2	4	3
335	(11)(5)	1	2	1	5	1	2	1	4	1	1	2	1	6	2	2	2	2	2	2	1	2	2	5	1
336	(11)(6)	2	2	1	5	1	2	2	2	1	2	1	2	5	3	2	1	1	2	2	1	2	3	4	2
337	(11)(7)	1	1	2	4	2	2	1	4	1	1	2	1	6	3	2	1	1	3	1	2	1	4	4	1
338	(11)(8)	2	1	2	4	2	2	2	2	1	2	1	2	6	1	3	1	1	2	2	1	2	4	4	1
339	(11)(9)	2	2	1	5	1	3	2	1	5	1	2	2	1	1	1	4	6	3	1	2	2	1	1	1
340	(11)(10)	1	1	2	4	2	3	1	3	6	1	2	2	1	1	2	2	1	3	1	2	2	1	5	2
341	(11)(11)	1	2	1	5	1	4	1	2	1	1	2	2	1	1	6	3	6	2	2	1	3	1	1	1
342	(11)(12)	1	1	2	4	2	4	1	2	5	1	2	2	1	2	1	3	1	2	2	1	3	1	5	2
343	(11)(13)	1	2	1	5	1	5	1	1	6	1	2	2	1	2	2	1	1	3	1	2	2	2	5	1
344	(11)(14)	1	2	1	5	2	1	2	3	1	1	2	2	1	2	6	2	1	2	2	1	3	2	5	1
345	(11)(15)	1	1	2	4	3	1	2	3	5	1	2	2	1	3	1	2	5	3	1	2	3	1	1	1
346	(11)(16)	1	1	2	4	3	2	2	2	1	1	2	2	1	3	6	1	5	2	2	1	4	1	1	1
347	(11)(17)	1	1	2	4	3	3	2	1	5	1	2	2	1	4	1	1	4	3	1	2	4	1	1	1
348	(11)(18)	3	1	2	5	1	1	2	2	4	2	1	3	1	1	1	4	4	2	2	1	5	1	1	1
349	(11)(19)	3	1	2	5	1	2	2	1	5	2	1	3	1	1	2	2	3	3	1	2	5	1	1	1
350	(11)(20)	2	1	2	5	1	4	1	1	4	1	2	2	2	1	1	4	3	2	2	1	6	1	1	1
351	(11)(21)	2	2	1	6	1	1	2	2	4	2	1	3	1	2	1	3	2	3	1	2	6	1	1	1
352	(11)(22)	1	2	1	6	1	2	1	3	5	2	1	3	1	2	2	1	2	1	3	1	1	1	3	5
353	(11)(23)	1	1	2	5	2	2	1	3	4	1	2	2	2	2	1	3	3	1	3	1	1	1	4	3
354	(11)(24)	1	1	2	5	2	3	1	2	5	1	2	2	2	2	2	1	4	1	3	1	1	1	5	1
355	(11)(25)	1	1	2	5	2	4	1	1	4	1	2	2	2	3	1	2	1	1	3	1	1	2	2	6
356	(11)(26)	2	3	1	1	1	1	2	6	4	2	1	3	1	4	1	1	2	1	3	1	1	2	3	4
357	(11)(27)	3	3	1	1	1	1	3	4	4	1	2	2	2	4	1	1	3	1	3	1	1	2	4	2
358	(11)(28)	4	3	1	1	1	1	4	2	3	2	1	3	2	1	1	4	1	1	3	1	1	3	2	5
359	(11)(29)	2	3	1	1	1	2	2	5	4	2	1	3	2	1	2	2	2	1	3	1	1	3	3	3
360	(12)(0)	3	3	1	1	1	2	3	3	3	1	2	2	3	1	1	4	3	1	3	1	1	3	4	1
361	(12)(1)	1	3	1	1	1	3	1	6	3	2	1	3	2	2	1	3	1	1	3	1	1	4	2	4
362	(12)(2)	2	3	1	1	1	3	2	4	4	2	1	3	2	2	2	1	2	1	3	1	1	4	3	2
363	(12)(3)	3	3	1	1	1	3	3	2	3	1	2	2	3	2	1	3	1	1	3	1	1	5	2	3
364	(12)(4)	1	3	1	1	1	4	1	5	4	1	2	2	3	2	2	1	2	1	3	1	1	5	3	1
365	(12)(5)	2	3	1	1	1	4	2	3	3	1	2	2	3	3	1	2	1	1	3	1	1	6	2	2
366	(12)(6)	1	3	1	1	1	5	1	4	3	2	1	3	2	4	1	1	1	2	2	2	1	1	3	5
367	(12)(7)	1	3	1	1	1	6	1	3	3	1	2	2	3	4	1	1	2	2	2	2	1	1	4	3
368	(12)(8)	1	3	1	1	2	1	2	6	2	2	1	3	3	1	1	4	3	2	2	2	1	1	5	1
369	(12)(9)	2	3	1	1	2	1	3	4	3	2	1	3	3	1	2	2	1	1	3	1	2	1	3	5
370	(12)(10)	3	3	1	1	2	1	4	2	2	1	2	2	4	1	1	4	1	2	2	2	1	2	3	4
371	(12)(11)	1	3	1	1	2	2	2	5	2	2	1	3	3	2	1	3	2	2	2	2	1	2	4	2
372	(12)(12)	2	3	1	1	2	2	3	3	3	2	1	3	3	2	2	1	1	1	3	1	2	2	3	4
373	(12)(13)	3	3	1	1	2	2	4	1	2	1	2	2	4	2	1	3	2	1	3	1	2	2	4	2
374	(12)(14)	1	3	1	1	2	3	2	4	3	1	2	2	4	2	2	1	2	2	2	2	1	3	4	1
375	(12)(15)	2	3	1	1	2	3	3	2	2	1	2	2	4	3	1	2	1	1	3	1	2	3	3	3
376	(12)(16)	1	3	1	1	2	4	2	3	2	2	1	3	3	4	1	1	1	2	2	2	1	4	3	2
377	(12)(17)	1	3	1	1	2	5	2	2	2	1	2	2	4	4	1	1	1	1	3	1	2	4	3	2
378	(12)(18)	1	3	1	1	3	1	3	4	1	2	1	3	4	1	1	4	1	2	2	2	1	5	3	1
379	(12)(19)	2	3	1	1	3	1	4	2	2	2	1	3	4	1	2	2	1	1	3	1	2	5	3	1
380	(12)(20)	1	3	1	1	3	2	3	3	1	1	2	2	5	1	1	4	1	3	1	3	1	1	4	3
381	(12)(21)	2	3	1	1	3	2	4	1	1	2	1	3	4	2	1	3	2	3	1	3	1	1	5	1
382	(12)(22)	1	3	1	1	3	3	3	2	2	2	1	3	4	2	2	1	1	2	2	2	2	1	4	3
383	(12)(23)	1	3	1	1	4	1	4	2	1	1	2	2	5	2	1	3	1	3	1	3	1	2	4	2
384	(12)(24)	1	3	1	1	4	2	4	1	2	1	2	2	5	2	2	1	1	1	3	1	3	1	4	3
385	(12)(25)	3	2	2	1	1	1	2	5	1	1	2	2	5	3	1	2	1	2	2	2	2	2	4	2
386	(12)(26)	4	2	2	1	1	1	3	3	1	2	1	3	4	4	1	1	1	3	1	3	1	3	4	1
387	(12)(27)	5	2	2	1	1	1	4	1	1	1	2	2	5	4	1	1	1	1	3	1	3	2	4	2
388	(12)(28)	2	2	2	1	1	2	1	6	1	2	1	3	5	1	2	2	1	2	2	2	2	3	4	1
389	(12)(29)	3	2	2	1	1	2	2	4	1	1	2	2	6	1	2	2	1	1	3	1	3	3	4	1
390	(13)(0)	4	2	2	1	1	2	3	2	1	2	1	3	5	2	2	1	1	3	1	3	2	1	5	1
391	(13)(1)	2	2	2	1	1	3	1	5	1	1	2	2	6	2	2	1	1	2	2	2	3	1	5	1
392	(13)(2)	3	2	2	1	1	3	2	3	5	1	2	3	1	1	1	3	1	1	3	1	4	1	5	1
393	(13)(3)	4	2	2	1	1	3	3	1	6	1	2	3	1	1	2	1	1	1	3	2	1	1	2	6
394	(13)(4)	2	2	2	1	1	4	1	4	1	1	2	3	1	1	6	2	2	1	3	2	1	1	3	4
395	(13)(5)	3	2	2	1	1	4	2	2	5	1	2	3	1	2	1	2	3	1	3	2	1	1	4	2
396	(13)(6)	2	2	2	1	1	5	1	3	1	1	2	3	1	2	6	1	1	1	3	2	1	2	2	5
397	(13)(7)	3	2	2	1	1	5	2	1	5	1	2	3	1	3	1	1	2	1	3	2	1	2	3	3
398	(13)(8)	2	3	1	2	1	1	2	5	4	2	1	4	1	1	1	3	3	1	3	2	1	2	4	1
399	(13)(9)	3	3	1	2	1	1	3	3	5	2	1	4	1	1	2	1	1	1	3	2	1	3	2	4
400	(13)(10)	4	3	1	2	1	1	4	1	4	1	2	3	2	1	1	3	2	1	3	2	1	3	3	2
401	(13)(11)	2	2	2	1	2	1	2	5	5	1	2	3	2	1	2	1	1	1	3	2	1	4	2	3
402	(13)(12)	2	3	1	2	1	2	2	4	4	1	2	3	2	2	1	2	2	1	3	2	1	4	3	1
403	(13)(13)	3	3	1	2	1	2	3	2	4	2	1	4	1	3	1	1	1	1	3	2	1	5	2	2
404	(13)(14)	1	2	2	1	2	2	1	6	4	1	2	3	2	3	1	1	1	1	3	2	1	6	2	1
405	(13)(15)	1	3	1	2	1	3	1	5	3	2	1	4	2	1	1	3	1	2	2	3	1	1	3	4
406	(13)(16)	3	2	2	1	2	2	3	2	4	2	1	4	2	1	2	1	2	2	2	3	1	1	4	2
407	(13)(17)	3	3	1	2	1	3	3	1	3	1	2	3	3	1	1	3	1	1	3	2	2	1	3	4
408	(13)(18)	1	2	2	1	2	3	1	5	3	2	1	4	2	2	1	2	1	2	2	3	1	2	3	3
409	(13)(19)	2	2	2	1	2	3	2	3	3	1	2	3	3	2	1	2	2	2	2	3	1	2	4	1
410	(13)(20)	2	3	1	2	1	4	2	2	3	2	1	4	2	3	1	1	1	1	3	2	2	2	3	3
411	(13)(21)	1	2	2	1	2	4	1	4	3	1	2	3	3	3	1	1	2	1	3	2	2	2	4	1
412	(13)(22)	1	3	1	2	1	5	1	3	2	2	1	4	3	1	1	3	1	1	3	2	2	3	3	2
413	(13)(23)	1	2	2	1	2	5	1	3	3	2	1	4	3	1	2	1	1	2	2	3	1	4	3	1
414	(13)(24)	1	3	1	2	2	1	2	5	2	1	2	3	4	1	1	3	1	1	3	2	2	4	3	1
415	(13)(25)	2	3	1	2	2	1	3	3	3	1	2	3	4	1	2	1	1	3	1	4	1	1	4	2
416	(13)(26)	3	3	1	2	2	1	4	1	2	1	2	3	4	2	1	2	1	2	2	3	2	1	4	2
417	(13)(27)	1	2	2	1	3	1	2	5	2	2	1	4	3	3	1	1	1	3	1	4	1	2	4	1
418	(13)(28)	1	3	1	2	2	2	2	4	2	1	2	3	4	3	1	1	1	1	3	2	3	1	4	2
419	(13)(29)	3	2	2	1	3	1	4	1	1	2	1	4	4	1	1	3	1	2	2	3	2	2	4	1
420	(14)(0)	1	2	2	1	3	2	2	4	2	2	1	4	4	1	2	1	1	1	3	2	3	2	4	1
421	(14)(1)	2	2	2	1	3	2	3	2	1	1	2	3	5	1	1	3	1	1	3	3	1	1	2	5
422	(14)(2)	2	3	1	2	2	3	3	1	1	2	1	4	4	2	1	2	2	1	3	3	1	1	3	3
423	(14)(3)	1	2	2	1	3	3	2	3	1	1	2	3	5	2	1	2	3	1	3	3	1	1	4	1
424	(14)(4)	1	3	1	2	2	4	2	2	1	2	1	4	4	3	1	1	1	1	3	3	1	2	2	4
425	(14)(5)	1	2	2	1	3	4	2	2	1	1	2	3	5	3	1	1	2	1	3	3	1	2	3	2
426	(14)(6)	1	3	1	2	3	1	3	3	1	2	1	4	5	1	2	1	1	1	3	3	1	3	2	3
427	(14)(7)	2	3	1	2	3	1	4	1	1	1	2	3	6	1	2	1	2	1	3	3	1	3	3	1
428	(14)(8)	1	2	2	1	4	1	3	3	5	1	2	4	1	1	1	2	1	1	3	3	1	4	2	2
429	(14)(9)	1	3	1	2	3	2	3	2	1	1	2	4	1	1	6	1	1	1	3	3	1	5	2	1
430	(14)(10)	1	2	2	1	4	2	3	2	5	1	2	4	1	2	1	1	1	2	2	4	1	1	3	3
431	(14)(11)	1	3	1	2	3	3	3	1	4	2	1	5	1	1	1	2	2	2	2	4	1	1	4	1
432	(14)(12)	1	3	1	2	4	1	4	1	4	1	2	4	2	1	1	2	1	1	3	3	2	1	3	3
433	(14)(13)	1	2	2	1	5	1	4	1	4	2	1	5	1	2	1	1	1	2	2	4	1	2	3	2
434	(14)(14)	3	1	3	1	1	1	1	6	4	1	2	4	2	2	1	1	1	1	3	3	2	2	3	2
435	(14)(15)	4	1	3	1	1	1	2	4	3	2	1	5	2	1	1	2	1	2	2	4	1	3	3	1
436	(14)(16)	5	1	3	1	1	1	3	2	3	1	2	4	3	1	1	2	1	1	3	3	2	3	3	1
437	(14)(17)	3	1	3	1	1	2	1	5	3	2	1	5	2	2	1	1	1	3	1	5	1	1	4	1
438	(14)(18)	4	1	3	1	1	2	2	3	3	1	2	4	3	2	1	1	1	2	2	4	2	1	4	1
439	(14)(19)	5	1	3	1	1	2	3	1	2	2	1	5	3	1	1	2	1	1	3	3	3	1	4	1
440	(14)(20)	3	1	3	1	1	3	1	4	2	1	2	4	4	1	1	2	1	1	3	4	1	1	2	4
441	(14)(21)	4	1	3	1	1	3	2	2	2	2	1	5	3	2	1	1	2	1	3	4	1	1	3	2
442	(14)(22)	3	1	3	1	1	4	1	3	2	1	2	4	4	2	1	1	1	1	3	4	1	2	2	3
443	(14)(23)	4	1	3	1	1	4	2	1	1	2	1	5	4	1	1	2	2	1	3	4	1	2	3	1
444	(14)(24)	3	1	3	1	1	5	1	2	1	1	2	4	5	1	1	2	1	1	3	4	1	3	2	2
445	(14)(25)	2	2	2	2	1	1	1	6	1	2	1	5	4	2	1	1	1	1	3	4	1	4	2	1
446	(14)(26)	3	2	2	2	1	1	2	4	1	1	2	4	5	2	1	1	1	2	2	5	1	1	3	2
447	(14)(27)	4	2	2	2	1	1	3	2	5	1	2	5	1	1	1	1	1	1	3	4	2	1	3	2
448	(14)(28)	2	1	3	1	2	1	1	6	4	2	1	6	1	1	1	1	1	2	2	5	1	2	3	1
449	(14)(29)	2	2	2	2	1	2	1	5	4	1	2	5	2	1	1	1	1	1	3	4	2	2	3	1
450	(15)(0)	4	1	3	1	2	1	3	2	3	2	1	6	2	1	1	1	1	1	3	5	1	1	2	3
451	(15)(1)	4	2	2	2	1	2	3	1	3	1	2	5	3	1	1	1	2	1	3	5	1	1	3	1
452	(15)(2)	2	1	3	1	2	2	1	5	2	2	1	6	3	1	1	1	1	1	3	5	1	2	2	2
453	(15)(3)	3	1	3	1	2	2	2	3	2	1	2	5	4	1	1	1	1	1	3	5	1	3	2	1
454	(15)(4)	4	1	3	1	2	2	3	1	4	3	1	1	1	1	1	5	1	2	2	6	1	1	3	1
455	(15)(5)	2	1	3	1	2	3	1	4	5	3	1	1	1	1	2	3	1	1	3	5	2	1	3	1
456	(15)(6)	2	2	2	2	1	4	1	3	6	3	1	1	1	1	3	1	1	1	3	6	1	1	2	2
457	(15)(7)	3	2	2	2	1	4	2	1	4	3	1	1	1	2	1	4	1	1	3	6	1	2	2	1
458	(15)(8)	2	1	3	1	2	4	1	3	5	3	1	1	1	2	2	2	1	4	1	1	1	1	4	4
459	(15)(9)	3	1	3	1	2	4	2	1	4	3	1	1	1	3	1	3	2	4	1	1	1	1	5	2
460	(15)(10)	2	2	2	2	1	6	1	1	5	3	1	1	1	3	2	1	1	4	1	1	1	2	4	3
461	(15)(11)	1	3	1	3	1	1	1	6	4	3	1	1	1	4	1	2	2	4	1	1	1	2	5	1
462	(15)(12)	2	3	1	3	1	1	2	4	4	3	1	1	1	5	1	1	1	4	1	1	1	3	4	2
463	(15)(13)	3	3	1	3	1	1	3	2	3	3	1	1	2	1	1	5	1	4	1	1	1	4	4	1
464	(15)(14)	1	2	2	2	2	1	1	6	4	3	1	1	2	1	2	3	1	4	1	1	2	1	5	2
465	(15)(15)	1	3	1	3	1	2	1	5	5	3	1	1	2	1	3	1	1	4	1	1	2	2	5	1
466	(15)(16)	2	3	1	3	1	2	2	3	3	3	1	1	2	2	1	4	5	4	1	1	3	1	1	1
467	(15)(17)	3	3	1	3	1	2	3	1	4	3	1	1	2	2	2	2	4	4	1	1	4	1	1	1
468	(15)(18)	1	1	3	1	3	1	1	6	3	3	1	1	2	3	1	3	3	4	1	1	5	1	1	1
469	(15)(19)	1	2	2	2	2	2	1	5	4	3	1	1	2	3	2	1	2	4	1	1	6	1	1	1
470	(15)(20)	2	2	2	2	2	2	2	3	3	3	1	1	2	4	1	2	1	3	2	1	1	1	3	5
471	(15)(21)	3	2	2	2	2	2	3	1	3	3	1	1	2	5	1	1	2	3	2	1	1	1	4	3
472	(15)(22)	1	1	3	1	3	2	1	5	2	3	1	1	3	1	1	5	3	3	2	1	1	1	5	1
473	(15)(23)	2	1	3	1	3	2	2	3	3	3	1	1	3	1	2	3	1	3	2	1	1	2	3	4
474	(15)(24)	3	1	3	1	3	2	3	1	4	3	1	1	3	1	3	1	2	3	2	1	1	2	4	2
475	(15)(25)	2	3	1	3	1	4	2	1	2	3	1	1	3	2	1	4	1	3	2	1	1	3	3	3
476	(15)(26)	1	1	3	1	3	3	1	4	3	3	1	1	3	2	2	2	2	3	2	1	1	3	4	1
477	(15)(27)	1	2	2	2	2	4	1	3	2	3	1	1	3	3	1	3	1	3	2	1	1	4	3	2
478	(15)(28)	2	2	2	2	2	4	2	1	3	3	1	1	3	3	2	1	1	3	2	1	1	5	3	1
479	(15)(29)	1	1	3	1	3	4	1	3	2	3	1	1	3	4	1	2	1	4	1	2	1	1	4	3
480	(16)(0)	1	3	1	3	1	6	1	1	2	3	1	1	3	5	1	1	2	4	1	2	1	1	5	1
481	(16)(1)	1	3	1	3	2	1	2	4	1	3	1	1	4	1	1	5	1	3	2	1	2	1	4	3
482	(16)(2)	2	3	1	3	2	1	3	2	2	3	1	1	4	1	2	3	1	4	1	2	1	2	4	2
483	(16)(3)	1	2	2	2	3	1	2	4	3	3	1	1	4	1	3	1	1	3	2	1	2	2	4	2
484	(16)(4)	1	3	1	3	2	2	2	3	1	3	1	1	4	2	1	4	1	4	1	2	1	3	4	1
485	(16)(5)	2	3	1	3	2	2	3	1	2	3	1	1	4	2	2	2	1	3	2	1	2	3	4	1
486	(16)(6)	1	1	3	1	4	1	2	4	1	3	1	1	4	3	1	3	1	4	1	2	2	1	5	1
487	(16)(7)	1	2	2	2	3	2	2	3	2	3	1	1	4	3	2	1	1	3	2	1	3	1	5	1
488	(16)(8)	2	2	2	2	3	2	3	1	1	3	1	1	4	4	1	2	1	2	3	1	1	1	2	6
489	(16)(9)	1	1	3	1	4	2	2	3	1	3	1	1	4	5	1	1	2	2	3	1	1	1	3	4
490	(16)(10)	2	1	3	1	4	2	3	1	1	3	1	1	5	1	2	3	3	2	3	1	1	1	4	2
491	(16)(11)	1	3	1	3	2	4	2	1	2	3	1	1	5	1	3	1	1	2	3	1	1	2	2	5
492	(16)(12)	1	2	2	2	3	4	2	1	1	3	1	1	5	2	2	2	2	2	3	1	1	2	3	3
493	(16)(13)	1	3	1	3	3	1	3	2	1	3	1	1	5	3	2	1	3	2	3	1	1	2	4	1
494	(16)(14)	1	2	2	2	4	1	3	2	1	3	1	1	6	1	3	1	1	2	3	1	1	3	2	4
495	(16)(15)	1	3	1	3	3	2	3	1	5	2	2	1	1	1	1	4	2	2	3	1	1	3	3	2
496	(16)(16)	1	1	3	1	5	1	3	2	6	2	2	1	1	1	2	2	1	2	3	1	1	4	2	3
497	(16)(17)	1	2	2	2	4	2	3	1	1	2	2	1	1	1	6	3	2	2	3	1	1	4	3	1
498	(16)(18)	3	1	3	2	1	1	1	5	5	2	2	1	1	2	1	3	1	2	3	1	1	5	2	2
499	(16)(19)	4	1	3	2	1	1	2	3	6	2	2	1	1	2	2	1	1	2	3	1	1	6	2	1
500	(16)(20)	5	1	3	2	1	1	3	1	1	2	2	1	1	2	6	2	1	3	2	2	1	1	3	4
501	(16)(21)	3	1	3	2	1	2	1	4	5	2	2	1	1	3	1	2	2	3	2	2	1	1	4	2
502	(16)(22)	4	1	3	2	1	2	2	2	1	2	2	1	1	3	6	1	1	2	3	1	2	1	3	4
503	(16)(23)	3	1	3	2	1	3	1	3	5	2	2	1	1	4	1	1	1	3	2	2	1	2	3	3
504	(16)(24)	4	1	3	2	1	3	2	1	4	3	1	2	1	1	1	4	2	3	2	2	1	2	4	1
505	(16)(25)	3	1	3	2	1	4	1	2	5	3	1	2	1	1	2	2	1	2	3	1	2	2	3	3
506	(16)(26)	3	1	3	2	1	5	1	1	4	2	2	1	2	1	1	4	1	3	2	2	1	3	3	2
507	(16)(27)	2	2	2	3	1	1	1	5	4	3	1	2	1	2	1	3	1	2	3	1	2	3	3	2
508	(16)(28)	3	2	2	3	1	1	2	3	5	3	1	2	1	2	2	1	1	3	2	2	1	4	3	1
509	(16)(29)	4	2	2	3	1	1	3	1	4	2	2	1	2	2	1	3	1	2	3	1	2	4	3	1
510	(17)(0)	2	1	3	2	2	1	1	5	5	2	2	1	2	2	2	1	1	4	1	3	1	1	4	2
511	(17)(1)	2	2	2	3	1	2	1	4	4	2	2	1	2	3	1	2	1	3	2	2	2	1	4	2
512	(17)(2)	4	1	3	2	2	1	3	1	4	3	1	2	1	4	1	1	1	4	1	3	1	2	4	1
513	(17)(3)	2	1	3	2	2	2	1	4	4	2	2	1	2	4	1	1	1	2	3	1	3	1	4	2
514	(17)(4)	3	1	3	2	2	2	2	2	3	3	1	2	2	1	1	4	1	3	2	2	2	2	4	1
515	(17)(5)	3	2	2	3	1	3	2	1	4	3	1	2	2	1	2	2	1	2	3	1	3	2	4	1
516	(17)(6)	2	1	3	2	2	3	1	3	3	2	2	1	3	1	1	4	2	1	4	1	1	1	2	5
517	(17)(7)	2	2	2	3	1	4	1	2	3	3	1	2	2	2	1	3	3	1	4	1	1	1	3	3
518	(17)(8)	2	1	3	2	2	4	1	2	4	3	1	2	2	2	2	1	4	1	4	1	1	1	4	1
519	(17)(9)	2	2	2	3	1	5	1	1	3	2	2	1	3	2	1	3	1	1	4	1	1	2	1	6
520	(17)(10)	2	1	3	2	2	5	1	1	4	2	2	1	3	2	2	1	2	1	4	1	1	2	2	4
521	(17)(11)	1	3	1	4	1	1	1	5	3	2	2	1	3	3	1	2	3	1	4	1	1	2	3	2
522	(17)(12)	2	3	1	4	1	1	2	3	3	3	1	2	2	4	1	1	1	1	4	1	1	3	1	5
523	(17)(13)	3	3	1	4	1	1	3	1	3	2	2	1	3	4	1	1	2	1	4	1	1	3	2	3
524	(17)(14)	1	2	2	3	2	1	1	5	2	3	1	2	3	1	1	4	3	1	4	1	1	3	3	1
525	(17)(15)	1	3	1	4	1	2	1	4	3	3	1	2	3	1	2	2	1	1	4	1	1	4	1	4
526	(17)(16)	2	3	1	4	1	2	2	2	2	2	2	1	4	1	1	4	2	1	4	1	1	4	2	2
527	(17)(17)	1	1	3	2	3	1	1	5	2	3	1	2	3	2	1	3	1	1	4	1	1	5	1	3
528	(17)(18)	1	2	2	3	2	2	1	4	3	3	1	2	3	2	2	1	2	1	4	1	1	5	2	1
529	(17)(19)	2	2	2	3	2	2	2	2	2	2	2	1	4	2	1	3	1	1	4	1	1	6	1	2
530	(17)(20)	2	3	1	4	1	3	2	1	3	2	2	1	4	2	2	1	1	2	3	2	1	1	2	5
531	(17)(21)	1	1	3	2	3	2	1	4	2	2	2	1	4	3	1	2	2	2	3	2	1	1	3	3
532	(17)(22)	2	1	3	2	3	2	2	2	2	3	1	2	3	4	1	1	3	2	3	2	1	1	4	1
533	(17)(23)	1	3	1	4	1	4	1	2	2	2	2	1	4	4	1	1	1	1	4	1	2	1	2	5
534	(17)(24)	1	1	3	2	3	3	1	3	1	3	1	2	4	1	1	4	1	2	3	2	1	2	2	4
535	(17)(25)	1	2	2	3	2	4	1	2	2	3	1	2	4	1	2	2	2	2	3	2	1	2	3	2
536	(17)(26)	1	3	1	4	1	5	1	1	1	2	2	1	5	1	1	4	1	1	4	1	2	2	2	4
537	(17)(27)	1	2	2	3	2	5	1	1	1	3	1	2	4	2	1	3	2	1	4	1	2	2	3	2
538	(17)(28)	1	3	1	4	2	1	2	3	2	3	1	2	4	2	2	1	2	2	3	2	1	3	3	1
539	(17)(29)	2	3	1	4	2	1	3	1	1	2	2	1	5	2	1	3	1	1	4	1	2	3	2	3
540	(18)(0)	1	2	2	3	3	1	2	3	2	2	2	1	5	2	2	1	1	2	3	2	1	4	2	2
541	(18)(1)	1	3	1	4	2	2	2	2	1	2	2	1	5	3	1	2	1	1	4	1	2	4	2	2
542	(18)(2)	1	1	3	2	4	1	2	3	1	3	1	2	4	4	1	1	1	2	3	2	1	5	2	1
543	(18)(3)	1	2	2	3	3	2	2	2	1	2	2	1	5	4	1	1	1	1	4	1	2	5	2	1
544	(18)(4)	1	3	1	4	2	3	2	1	1	3	1	2	5	1	2	2	1	3	2	3	1	1	3	3
545	(18)(5)	1	1	3	2	4	2	2	2	1	2	2	1	6	1	2	2	2	3	2	3	1	1	4	1
546	(18)(6)	1	2	2	3	3	3	2	1	1	3	1	2	5	2	2	1	1	2	3	2	2	1	3	3
547	(18)(7)	1	3	1	4	3	1	3	1	1	2	2	1	6	2	2	1	1	3	2	3	1	2	3	2
548	(18)(8)	1	1	3	2	5	1	3	1	6	1	3	1	1	1	1	3	1	1	4	1	3	1	3	3
549	(18)(9)	3	1	3	3	1	1	1	4	1	1	3	1	1	1	5	4	1	2	3	2	2	2	3	2
550	(18)(10)	4	1	3	3	1	1	2	2	2	1	3	1	1	1	6	2	1	3	2	3	1	3	3	1
551	(18)(11)	3	1	3	3	1	2	1	3	6	1	3	1	1	2	1	2	1	1	4	1	3	2	3	2
552	(18)(12)	4	1	3	3	1	2	2	1	1	1	3	1	1	2	5	3	1	2	3	2	2	3	3	1
553	(18)(13)	3	1	3	3	1	3	1	2	2	1	3	1	1	2	6	1	1	1	4	1	3	3	3	1
554	(18)(14)	3	1	3	3	1	4	1	1	6	1	3	1	1	3	1	1	1	4	1	4	1	1	4	1
555	(18)(15)	2	2	2	4	1	1	1	4	1	1	3	1	1	3	5	2	1	3	2	3	2	1	4	1
556	(18)(16)	3	2	2	4	1	1	2	2	1	1	3	1	1	4	5	1	1	2	3	2	3	1	4	1
557	(18)(17)	2	1	3	3	2	1	1	4	5	2	2	2	1	1	1	3	1	1	4	1	4	1	4	1
558	(18)(18)	2	2	2	4	1	2	1	3	6	2	2	2	1	1	2	1	1	1	4	2	1	1	1	6
559	(18)(19)	3	2	2	4	1	2	2	1	1	2	2	2	1	1	6	2	2	1	4	2	1	1	2	4
560	(18)(20)	2	1	3	3	2	2	1	3	5	1	3	1	2	1	1	3	3	1	4	2	1	1	3	2
561	(18)(21)	3	1	3	3	2	2	2	1	6	1	3	1	2	1	2	1	1	1	4	2	1	2	1	5
562	(18)(22)	2	1	3	3	2	3	1	2	1	1	3	1	2	1	6	2	2	1	4	2	1	2	2	3
563	(18)(23)	2	2	2	4	1	4	1	1	1	2	2	2	1	2	6	1	3	1	4	2	1	2	3	1
564	(18)(24)	2	1	3	3	2	4	1	1	5	1	3	1	2	2	1	2	1	1	4	2	1	3	1	4
565	(18)(25)	1	3	1	5	1	1	1	4	5	2	2	2	1	3	1	1	2	1	4	2	1	3	2	2
566	(18)(26)	2	3	1	5	1	1	2	2	1	1	3	1	2	2	6	1	1	1	4	2	1	4	1	3
567	(18)(27)	1	2	2	4	2	1	1	4	5	1	3	1	2	3	1	1	2	1	4	2	1	4	2	1
568	(18)(28)	1	3	1	5	1	2	1	3	4	3	1	3	1	1	1	3	1	1	4	2	1	5	1	2
569	(18)(29)	2	3	1	5	1	2	2	1	5	3	1	3	1	1	2	1	1	1	4	2	1	6	1	1
570	(19)(0)	1	1	3	3	3	1	1	4	4	2	2	2	2	1	1	3	1	2	3	3	1	1	2	4
571	(19)(1)	1	2	2	4	2	2	1	3	4	3	1	3	1	2	1	2	2	2	3	3	1	1	3	2
572	(19)(2)	2	2	2	4	2	2	2	1	4	1	3	1	3	1	1	3	1	1	4	2	2	1	2	4
573	(19)(3)	1	1	3	3	3	2	1	3	5	1	3	1	3	1	2	1	1	2	3	3	1	2	2	3
574	(19)(4)	2	1	3	3	3	2	2	1	4	3	1	3	1	3	1	1	2	2	3	3	1	2	3	1
575	(19)(5)	1	3	1	5	1	4	1	1	4	1	3	1	3	2	1	2	1	1	4	2	2	2	2	3
576	(19)(6)	1	1	3	3	3	3	1	2	4	2	2	2	2	3	1	1	2	1	4	2	2	2	3	1
577	(19)(7)	1	2	2	4	2	4	1	1	4	1	3	1	3	3	1	1	1	1	4	2	2	3	2	2
578	(19)(8)	1	1	3	3	3	4	1	1	3	3	1	3	2	1	1	3	1	2	3	3	1	4	2	1
579	(19)(9)	1	2	2	4	3	1	2	2	4	3	1	3	2	1	2	1	1	1	4	2	2	4	2	1
580	(19)(10)	1	1	3	3	4	1	2	2	3	2	2	2	3	1	1	3	1	3	2	4	1	1	3	2
581	(19)(11)	1	1	3	3	4	2	2	1	3	3	1	3	2	2	1	2	1	2	3	3	2	1	3	2
582	(19)(12)	4	1	3	4	1	1	2	1	3	1	3	1	4	1	1	3	1	3	2	4	1	2	3	1
583	(19)(13)	3	1	3	4	1	3	1	1	3	2	2	2	3	2	1	2	1	1	4	2	3	1	3	2
584	(19)(14)	3	2	2	5	1	1	2	1	3	3	1	3	2	3	1	1	1	2	3	3	2	2	3	1
585	(19)(15)	2	2	2	5	1	2	1	2	3	1	3	1	4	2	1	2	1	1	4	2	3	2	3	1
586	(19)(16)	2	2	2	5	1	3	1	1	3	2	2	2	3	3	1	1	1	1	4	3	1	1	1	5
587	(19)(17)	1	3	1	6	1	1	1	3	3	1	3	1	4	3	1	1	2	1	4	3	1	1	2	3
588	(19)(18)	1	2	2	5	2	1	1	3	2	3	1	3	3	1	1	3	3	1	4	3	1	1	3	1
589	(19)(19)	1	1	3	4	3	1	1	3	3	3	1	3	3	1	2	1	1	1	4	3	1	2	1	4
590	(19)(20)	1	3	1	6	1	3	1	1	2	2	2	2	4	1	1	3	2	1	4	3	1	2	2	2
591	(19)(21)	1	2	2	5	2	3	1	1	2	3	1	3	3	2	1	2	1	1	4	3	1	3	1	3
592	(19)(22)	2	4	1	1	1	1	2	5	2	1	3	1	5	1	1	3	2	1	4	3	1	3	2	1
593	(19)(23)	1	4	1	1	1	2	1	6	2	2	2	2	4	2	1	2	1	1	4	3	1	4	1	2
594	(19)(24)	2	4	1	1	1	2	2	4	2	3	1	3	3	3	1	1	1	1	4	3	1	5	1	1
595	(19)(25)	1	4	1	1	1	3	1	5	2	1	3	1	5	2	1	2	1	2	3	4	1	1	2	3
596	(19)(26)	2	4	1	1	1	3	2	3	2	2	2	2	4	3	1	1	2	2	3	4	1	1	3	1
597	(19)(27)	3	4	1	1	1	3	3	1	2	1	3	1	5	3	1	1	1	1	4	3	2	1	2	3
598	(19)(28)	1	4	1	1	1	4	1	4	1	3	1	3	4	1	1	3	1	2	3	4	1	2	2	2
599	(19)(29)	2	4	1	1	1	4	2	2	2	3	1	3	4	1	2	1	1	1	4	3	2	2	2	2
600	(20)(0)	1	4	1	1	1	5	1	3	1	2	2	2	5	1	1	3	1	2	3	4	1	3	2	1
601	(20)(1)	2	4	1	1	1	5	2	1	1	3	1	3	4	2	1	2	1	1	4	3	2	3	2	1
602	(20)(2)	1	4	1	1	2	1	2	5	1	1	3	1	6	1	1	3	1	3	2	5	1	1	3	1
603	(20)(3)	2	4	1	1	2	1	3	3	1	2	2	2	5	2	1	2	1	2	3	4	2	1	3	1
604	(20)(4)	3	4	1	1	2	1	4	1	1	3	1	3	4	3	1	1	1	1	4	3	3	1	3	1
605	(20)(5)	1	4	1	1	2	2	2	4	1	1	3	1	6	2	1	2	1	1	4	4	1	1	1	4
606	(20)(6)	2	4	1	1	2	2	3	2	1	2	2	2	5	3	1	1	2	1	4	4	1	1	2	2
607	(20)(7)	1	4	1	1	2	3	2	3	1	1	3	1	6	3	1	1	1	1	4	4	1	2	1	3
608	(20)(8)	2	4	1	1	2	3	3	1	1	3	1	3	5	1	2	1	2	1	4	4	1	2	2	1
609	(20)(9)	1	4	1	1	2	4	2	2	1	2	2	2	6	1	2	1	1	1	4	4	1	3	1	2
610	(20)(10)	1	4	1	1	2	5	2	1	6	1	3	2	1	1	1	2	1	1	4	4	1	4	1	1
611	(20)(11)	1	4	1	1	3	1	3	3	1	1	3	2	1	1	5	3	1	2	3	5	1	1	2	2
612	(20)(12)	2	4	1	1	3	1	4	1	2	1	3	2	1	1	6	1	1	1	4	4	2	1	2	2
613	(20)(13)	1	4	1	1	3	2	3	2	6	1	3	2	1	2	1	1	1	2	3	5	1	2	2	1
614	(20)(14)	1	4	1	1	3	3	3	1	1	1	3	2	1	2	5	2	1	1	4	4	2	2	2	1
615	(20)(15)	1	4	1	1	4	1	4	1	1	1	3	2	1	3	5	1	1	1	4	5	1	1	1	3
616	(20)(16)	2	3	2	1	1	1	1	6	5	2	2	3	1	1	1	2	2	1	4	5	1	1	2	1
617	(20)(17)	3	3	2	1	1	1	2	4	1	2	2	3	1	1	6	1	1	1	4	5	1	2	1	2
618	(20)(18)	4	3	2	1	1	1	3	2	5	1	3	2	2	1	1	2	1	1	4	5	1	3	1	1
619	(20)(19)	2	3	2	1	1	2	1	5	5	2	2	3	1	2	1	1	1	2	3	6	1	1	2	1
620	(20)(20)	3	3	2	1	1	2	2	3	1	1	3	2	2	1	6	1	1	1	4	5	2	1	2	1
621	(20)(21)	2	3	2	1	1	3	1	4	5	1	3	2	2	2	1	1	1	5	1	1	1	1	4	3
622	(20)(22)	3	3	2	1	1	3	2	2	4	3	1	4	1	1	1	2	2	5	1	1	1	1	5	1
623	(20)(23)	2	3	2	1	1	4	1	3	4	2	2	3	2	1	1	2	1	5	1	1	1	2	4	2
624	(20)(24)	3	3	2	1	1	4	2	1	4	3	1	4	1	2	1	1	1	5	1	1	1	3	4	1
625	(20)(25)	2	3	2	1	1	5	1	2	4	1	3	2	3	1	1	2	1	5	1	1	2	1	5	1
626	(20)(26)	1	4	1	2	1	1	1	6	4	2	2	3	2	2	1	1	1	4	2	1	1	1	3	4
627	(20)(27)	2	4	1	2	1	1	2	4	4	1	3	2	3	2	1	1	2	4	2	1	1	1	4	2
628	(20)(28)	3	4	1	2	1	1	3	2	3	3	1	4	2	1	1	2	1	4	2	1	1	2	3	3
629	(20)(29)	1	3	2	1	2	1	1	6	3	2	2	3	3	1	1	2	2	4	2	1	1	2	4	1
630	(21)(0)	1	4	1	2	1	2	1	5	3	3	1	4	2	2	1	1	1	4	2	1	1	3	3	2
631	(21)(1)	3	3	2	1	2	1	3	2	3	1	3	2	4	1	1	2	1	4	2	1	1	4	3	1
632	(21)(2)	3	4	1	2	1	2	3	1	3	2	2	3	3	2	1	1	1	5	1	2	1	1	4	2
633	(21)(3)	1	3	2	1	2	2	1	5	3	1	3	2	4	2	1	1	1	4	2	1	2	1	4	2
634	(21)(4)	2	3	2	1	2	2	2	3	2	3	1	4	3	1	1	2	1	5	1	2	1	2	4	1
635	(21)(5)	3	3	2	1	2	2	3	1	2	2	2	3	4	1	1	2	1	4	2	1	2	2	4	1
636	(21)(6)	1	3	2	1	2	3	1	4	2	3	1	4	3	2	1	1	1	3	3	1	1	1	2	5
637	(21)(7)	1	4	1	2	1	4	1	3	2	1	3	2	5	1	1	2	2	3	3	1	1	1	3	3
638	(21)(8)	2	4	1	2	1	4	2	1	2	2	2	3	4	2	1	1	3	3	3	1	1	1	4	1
639	(21)(9)	1	3	2	1	2	4	1	3	2	1	3	2	5	2	1	1	1	3	3	1	1	2	2	4
640	(21)(10)	2	3	2	1	2	4	2	1	1	3	1	4	4	1	1	2	2	3	3	1	1	2	3	2
641	(21)(11)	1	4	1	2	1	6	1	1	1	2	2	3	5	1	1	2	1	3	3	1	1	3	2	3
642	(21)(12)	1	4	1	2	2	1	2	4	1	3	1	4	4	2	1	1	2	3	3	1	1	3	3	1
643	(21)(13)	2	4	1	2	2	1	3	2	1	1	3	2	6	1	1	2	1	3	3	1	1	4	2	2
644	(21)(14)	1	3	2	1	3	1	2	4	1	2	2	3	5	2	1	1	1	3	3	1	1	5	2	1
645	(21)(15)	1	4	1	2	2	2	2	3	1	1	3	2	6	2	1	1	1	4	2	2	1	1	3	3
646	(21)(16)	2	4	1	2	2	2	3	1	6	1	3	3	1	1	1	1	2	4	2	2	1	1	4	1
647	(21)(17)	1	3	2	1	3	2	2	3	1	1	3	3	1	1	5	2	1	3	3	1	2	1	3	3
648	(21)(18)	2	3	2	1	3	2	3	1	1	1	3	3	1	2	5	1	1	4	2	2	1	2	3	2
649	(21)(19)	1	3	2	1	3	3	2	2	5	2	2	4	1	1	1	1	1	3	3	1	2	2	3	2
650	(21)(20)	1	4	1	2	2	4	2	1	5	1	3	3	2	1	1	1	1	4	2	2	1	3	3	1
651	(21)(21)	1	4	1	2	3	1	3	2	4	3	1	5	1	1	1	1	1	3	3	1	2	3	3	1
652	(21)(22)	1	3	2	1	4	1	3	2	4	2	2	4	2	1	1	1	1	5	1	3	1	1	4	1
653	(21)(23)	1	4	1	2	3	2	3	1	4	1	3	3	3	1	1	1	1	4	2	2	2	1	4	1
654	(21)(24)	1	3	2	1	4	2	3	1	3	3	1	5	2	1	1	1	1	3	3	1	3	1	4	1
655	(21)(25)	3	2	3	1	1	1	1	5	3	2	2	4	3	1	1	1	1	2	4	1	1	1	1	6
656	(21)(26)	4	2	3	1	1	1	2	3	3	1	3	3	4	1	1	1	2	2	4	1	1	1	2	4
657	(21)(27)	5	2	3	1	1	1	3	1	2	3	1	5	3	1	1	1	3	2	4	1	1	1	3	2
658	(21)(28)	3	2	3	1	1	2	1	4	2	2	2	4	4	1	1	1	1	2	4	1	1	2	1	5
659	(21)(29)	4	2	3	1	1	2	2	2	2	1	3	3	5	1	1	1	2	2	4	1	1	2	2	3
660	(22)(0)	3	2	3	1	1	3	1	3	1	3	1	5	4	1	1	1	3	2	4	1	1	2	3	1
661	(22)(1)	4	2	3	1	1	3	2	1	1	2	2	4	5	1	1	1	1	2	4	1	1	3	1	4
662	(22)(2)	3	2	3	1	1	4	1	2	1	1	3	3	6	1	1	1	2	2	4	1	1	3	2	2
663	(22)(3)	3	2	3	1	1	5	1	1	1	1	3	4	1	1	5	1	1	2	4	1	1	4	1	3
664	(22)(4)	2	3	2	2	1	1	1	5	4	4	1	1	1	1	1	4	2	2	4	1	1	4	2	1
665	(22)(5)	3	3	2	2	1	1	2	3	5	4	1	1	1	1	2	2	1	2	4	1	1	5	1	2
666	(22)(6)	2	2	3	1	2	1	1	5	4	4	1	1	1	2	1	3	1	2	4	1	1	6	1	1
667	(22)(7)	2	3	2	2	1	2	1	4	5	4	1	1	1	2	2	1	1	3	3	2	1	1	2	4
668	(22)(8)	3	3	2	2	1	2	2	2	4	4	1	1	1	3	1	2	2	3	3	2	1	1	3	2
669	(22)(9)	2	2	3	1	2	2	1	4	4	4	1	1	1	4	1	1	1	2	4	1	2	1	2	4
670	(22)(10)	3	2	3	1	2	2	2	2	3	4	1	1	2	1	1	4	1	3	3	2	1	2	2	3
671	(22)(11)	3	3	2	2	1	3	2	1	4	4	1	1	2	1	2	2	2	3	3	2	1	2	3	1
672	(22)(12)	2	2	3	1	2	3	1	3	3	4	1	1	2	2	1	3	1	2	4	1	2	2	2	3
673	(22)(13)	2	3	2	2	1	4	1	2	4	4	1	1	2	2	2	1	2	2	4	1	2	2	3	1
674	(22)(14)	2	2	3	1	2	4	1	2	3	4	1	1	2	3	1	2	1	2	4	1	2	3	2	2
675	(22)(15)	2	3	2	2	1	5	1	1	3	4	1	1	2	4	1	1	1	3	3	2	1	4	2	1
676	(22)(16)	2	2	3	1	2	5	1	1	2	4	1	1	3	1	1	4	1	2	4	1	2	4	2	1
677	(22)(17)	1	4	1	3	1	1	1	5	3	4	1	1	3	1	2	2	1	4	2	3	1	1	3	2
678	(22)(18)	2	4	1	3	1	1	2	3	2	4	1	1	3	2	1	3	1	3	3	2	2	1	3	2
679	(22)(19)	1	3	2	2	2	1	1	5	3	4	1	1	3	2	2	1	1	4	2	3	1	2	3	1
680	(22)(20)	1	4	1	3	1	2	1	4	2	4	1	1	3	3	1	2	1	2	4	1	3	1	3	2
681	(22)(21)	3	3	2	2	2	1	3	1	2	4	1	1	3	4	1	1	1	3	3	2	2	2	3	1
682	(22)(22)	1	2	3	1	3	1	1	5	1	4	1	1	4	1	1	4	1	2	4	1	3	2	3	1
683	(22)(23)	1	3	2	2	2	2	1	4	2	4	1	1	4	1	2	2	2	1	5	1	1	1	1	5
684	(22)(24)	2	3	2	2	2	2	2	2	1	4	1	1	4	2	1	3	3	1	5	1	1	1	2	3
685	(22)(25)	2	4	1	3	1	3	2	1	2	4	1	1	4	2	2	1	4	1	5	1	1	1	3	1
686	(22)(26)	1	2	3	1	3	2	1	4	1	4	1	1	4	3	1	2	2	1	5	1	1	2	1	4
687	(22)(27)	2	2	3	1	3	2	2	2	1	4	1	1	4	4	1	1	3	1	5	1	1	2	2	2
688	(22)(28)	1	4	1	3	1	4	1	2	1	4	1	1	5	1	2	2	2	1	5	1	1	3	1	3
689	(22)(29)	1	2	3	1	3	3	1	3	1	4	1	1	5	2	2	1	3	1	5	1	1	3	2	1
690	(23)(0)	1	3	2	2	2	4	1	2	5	3	2	1	1	1	1	3	2	1	5	1	1	4	1	2
691	(23)(1)	1	4	1	3	1	5	1	1	6	3	2	1	1	1	2	1	2	1	5	1	1	5	1	1
692	(23)(2)	1	3	2	2	2	5	1	1	1	3	2	1	1	1	6	2	1	2	4	2	1	1	1	5
693	(23)(3)	1	4	1	3	2	1	2	3	5	3	2	1	1	2	1	2	2	2	4	2	1	1	2	3
694	(23)(4)	2	4	1	3	2	1	3	1	1	3	2	1	1	2	6	1	3	2	4	2	1	1	3	1
695	(23)(5)	1	3	2	2	3	1	2	3	5	3	2	1	1	3	1	1	1	1	5	1	2	1	1	5
696	(23)(6)	1	4	1	3	2	2	2	2	4	4	1	2	1	1	1	3	1	2	4	2	1	2	1	4
697	(23)(7)	1	2	3	1	4	1	2	3	5	4	1	2	1	1	2	1	2	2	4	2	1	2	2	2
698	(23)(8)	1	3	2	2	3	2	2	2	4	3	2	1	2	1	1	3	1	1	5	1	2	2	1	4
699	(23)(9)	1	4	1	3	2	3	2	1	4	4	1	2	1	2	1	2	2	1	5	1	2	2	2	2
700	(23)(10)	1	2	3	1	4	2	2	2	4	3	2	1	2	2	1	2	2	2	4	2	1	3	2	1
701	(23)(11)	1	3	2	2	3	3	2	1	4	4	1	2	1	3	1	1	1	1	5	1	2	3	1	3
702	(23)(12)	1	4	1	3	3	1	3	1	4	3	2	1	2	3	1	1	1	2	4	2	1	4	1	2
703	(23)(13)	1	3	2	2	4	1	3	1	3	4	1	2	2	1	1	3	1	1	5	1	2	4	1	2
704	(23)(14)	1	2	3	1	5	1	3	1	4	4	1	2	2	1	2	1	1	2	4	2	1	5	1	1
705	(23)(15)	4	1	4	1	1	1	1	4	3	3	2	1	3	1	1	3	1	1	5	1	2	5	1	1
706	(23)(16)	5	1	4	1	1	1	2	2	3	4	1	2	2	2	1	2	1	3	3	3	1	1	2	3
707	(23)(17)	4	1	4	1	1	2	1	3	3	3	2	1	3	2	1	2	2	3	3	3	1	1	3	1
708	(23)(18)	5	1	4	1	1	2	2	1	3	4	1	2	2	3	1	1	1	2	4	2	2	1	2	3
709	(23)(19)	4	1	4	1	1	3	1	2	3	3	2	1	3	3	1	1	1	3	3	3	1	2	2	2
710	(23)(20)	4	1	4	1	1	4	1	1	2	4	1	2	3	1	1	3	1	1	5	1	3	1	2	3
711	(23)(21)	3	2	3	2	1	1	1	4	3	4	1	2	3	1	2	1	1	2	4	2	2	2	2	2
712	(23)(22)	4	2	3	2	1	1	2	2	2	3	2	1	4	1	1	3	1	3	3	3	1	3	2	1
713	(23)(23)	3	1	4	1	2	1	1	4	2	4	1	2	3	2	1	2	1	1	5	1	3	2	2	2
714	(23)(24)	4	1	4	1	2	1	2	2	2	3	2	1	4	2	1	2	1	2	4	2	2	3	2	1
715	(23)(25)	4	2	3	2	1	2	2	1	2	4	1	2	3	3	1	1	1	1	5	1	3	3	2	1
716	(23)(26)	3	1	4	1	2	2	1	3	2	3	2	1	4	3	1	1	1	4	2	4	1	1	3	1
717	(23)(27)	4	1	4	1	2	2	2	1	1	4	1	2	4	1	1	3	1	3	3	3	2	1	3	1
718	(23)(28)	3	1	4	1	2	3	1	2	2	4	1	2	4	1	2	1	1	2	4	2	3	1	3	1
719	(23)(29)	3	2	3	2	1	4	1	1	1	3	2	1	5	1	1	3	1	1	5	1	4	1	3	1
720	(24)(0)	3	1	4	1	2	4	1	1	1	4	1	2	4	2	1	2	2	1	5	2	1	1	1	4
721	(24)(1)	2	3	2	3	1	1	1	4	1	3	2	1	5	2	1	2	3	1	5	2	1	1	2	2
722	(24)(2)	3	3	2	3	1	1	2	2	1	4	1	2	4	3	1	1	2	1	5	2	1	2	1	3
723	(24)(3)	2	2	3	2	2	1	1	4	1	3	2	1	5	3	1	1	3	1	5	2	1	2	2	1
724	(24)(4)	2	3	2	3	1	2	1	3	1	4	1	2	5	1	2	1	2	1	5	2	1	3	1	2
725	(24)(5)	3	3	2	3	1	2	2	1	1	3	2	1	6	1	2	1	2	1	5	2	1	4	1	1
726	(24)(6)	2	1	4	1	3	1	1	4	6	2	3	1	1	1	1	2	1	2	4	3	1	1	1	4
727	(24)(7)	2	2	3	2	2	2	1	3	1	2	3	1	1	1	5	3	2	2	4	3	1	1	2	2
728	(24)(8)	3	2	3	2	2	2	2	1	2	2	3	1	1	1	6	1	1	1	5	2	2	1	1	4
729	(24)(9)	2	1	4	1	3	2	1	3	6	2	3	1	1	2	1	1	1	2	4	3	1	2	1	3
730	(24)(10)	3	1	4	1	3	2	2	1	1	2	3	1	1	2	5	2	2	2	4	3	1	2	2	1
731	(24)(11)	2	3	2	3	1	4	1	1	1	2	3	1	1	3	5	1	1	1	5	2	2	2	1	3
732	(24)(12)	2	1	4	1	3	3	1	2	5	3	2	2	1	1	1	2	2	1	5	2	2	2	2	1
733	(24)(13)	2	2	3	2	2	4	1	1	1	3	2	2	1	1	6	1	1	1	5	2	2	3	1	2
734	(24)(14)	2	1	4	1	3	4	1	1	5	2	3	1	2	1	1	2	1	2	4	3	1	4	1	1
735	(24)(15)	1	4	1	4	1	1	1	4	5	3	2	2	1	2	1	1	1	1	5	2	2	4	1	1
736	(24)(16)	2	4	1	4	1	1	2	2	1	2	3	1	2	1	6	1	1	3	3	4	1	1	2	2
737	(24)(17)	1	3	2	3	2	1	1	4	5	2	3	1	2	2	1	1	1	2	4	3	2	1	2	2
738	(24)(18)	1	4	1	4	1	2	1	3	4	4	1	3	1	1	1	2	1	3	3	4	1	2	2	1
739	(24)(19)	2	4	1	4	1	2	2	1	4	3	2	2	2	1	1	2	1	1	5	2	3	1	2	2
740	(24)(20)	1	2	3	2	3	1	1	4	4	4	1	3	1	2	1	1	1	2	4	3	2	2	2	1
741	(24)(21)	1	3	2	3	2	2	1	3	4	2	3	1	3	1	1	2	1	1	5	2	3	2	2	1
742	(24)(22)	2	3	2	3	2	2	2	1	4	3	2	2	2	2	1	1	2	1	5	3	1	1	1	3
743	(24)(23)	1	1	4	1	4	1	1	4	4	2	3	1	3	2	1	1	3	1	5	3	1	1	2	1
744	(24)(24)	1	2	3	2	3	2	1	3	3	4	1	3	2	1	1	2	2	1	5	3	1	2	1	2
745	(24)(25)	2	2	3	2	3	2	2	1	3	3	2	2	3	1	1	2	2	1	5	3	1	3	1	1
746	(24)(26)	1	4	1	4	1	4	1	1	3	4	1	3	2	2	1	1	1	2	4	4	1	1	1	3
747	(24)(27)	1	1	4	1	4	2	1	3	3	2	3	1	4	1	1	2	2	2	4	4	1	1	2	1
748	(24)(28)	2	1	4	1	4	2	2	1	3	3	2	2	3	2	1	1	1	1	5	3	2	1	1	3
749	(24)(29)	1	3	2	3	2	4	1	1	3	2	3	1	4	2	1	1	1	2	4	4	1	2	1	2
750	(25)(0)	1	1	4	1	4	3	1	2	2	4	1	3	3	1	1	2	1	1	5	3	2	2	1	2
751	(25)(1)	1	4	1	4	2	1	2	2	2	3	2	2	4	1	1	2	1	2	4	4	1	3	1	1
752	(25)(2)	1	3	2	3	3	1	2	2	2	4	1	3	3	2	1	1	1	1	5	3	2	3	1	1
753	(25)(3)	1	4	1	4	2	2	2	1	2	2	3	1	5	1	1	2	1	3	3	5	1	1	2	1
754	(25)(4)	1	2	3	2	4	1	2	2	2	3	2	2	4	2	1	1	1	2	4	4	2	1	2	1
755	(25)(5)	1	3	2	3	3	2	2	1	2	2	3	1	5	2	1	1	1	1	5	3	3	1	2	1
756	(25)(6)	1	1	4	1	5	1	2	2	1	4	1	3	4	1	1	2	2	1	5	4	1	1	1	2
757	(25)(7)	1	2	3	2	4	2	2	1	1	3	2	2	5	1	1	2	2	1	5	4	1	2	1	1
758	(25)(8)	1	1	4	1	5	2	2	1	1	4	1	3	4	2	1	1	1	2	4	5	1	1	1	2
759	(25)(9)	4	1	4	2	1	1	1	3	1	2	3	1	6	1	1	2	1	1	5	4	2	1	1	2
760	(25)(10)	5	1	4	2	1	1	2	1	1	3	2	2	5	2	1	1	1	2	4	5	1	2	1	1
761	(25)(11)	4	1	4	2	1	2	1	2	1	2	3	1	6	2	1	1	1	1	5	4	2	2	1	1
762	(25)(12)	4	1	4	2	1	3	1	1	1	1	4	1	1	1	4	4	1	6	1	1	1	1	4	2
763	(25)(13)	3	2	3	3	1	1	1	3	2	1	4	1	1	1	5	2	1	6	1	1	1	2	4	1
764	(25)(14)	4	2	3	3	1	1	2	1	1	1	4	1	1	2	4	3	1	5	2	1	1	1	3	3
765	(25)(15)	3	1	4	2	2	1	1	3	2	1	4	1	1	2	5	1	2	5	2	1	1	1	4	1
766	(25)(16)	4	1	4	2	2	1	2	1	1	1	4	1	1	3	4	2	1	5	2	1	1	2	3	2
767	(25)(17)	3	1	4	2	2	2	1	2	1	1	4	1	1	4	4	1	1	5	2	1	1	3	3	1
768	(25)(18)	3	2	3	3	1	3	1	1	6	2	3	2	1	1	1	1	1	6	1	2	1	1	4	1
769	(25)(19)	3	1	4	2	2	3	1	1	1	2	3	2	1	1	5	2	1	5	2	1	2	1	4	1
770	(25)(20)	2	3	2	4	1	1	1	3	6	1	4	1	2	1	1	1	1	4	3	1	1	1	2	4
771	(25)(21)	3	3	2	4	1	1	2	1	1	1	4	1	2	1	5	2	2	4	3	1	1	1	3	2
772	(25)(22)	2	2	3	3	2	1	1	3	1	2	3	2	1	2	5	1	1	4	3	1	1	2	2	3
773	(25)(23)	2	3	2	4	1	2	1	2	1	1	4	1	2	2	5	1	2	4	3	1	1	2	3	1
774	(25)(24)	2	1	4	2	3	1	1	3	5	3	2	3	1	1	1	1	1	4	3	1	1	3	2	2
775	(25)(25)	2	2	3	3	2	2	1	2	5	2	3	2	2	1	1	1	1	4	3	1	1	4	2	1
776	(25)(26)	2	3	2	4	1	3	1	1	5	1	4	1	3	1	1	1	1	5	2	2	1	1	3	2
777	(25)(27)	2	1	4	2	3	2	1	2	4	4	1	4	1	1	1	1	1	4	3	1	2	1	3	2
778	(25)(28)	2	2	3	3	2	3	1	1	4	3	2	3	2	1	1	1	1	5	2	2	1	2	3	1
779	(25)(29)	2	1	4	2	3	3	1	1	4	2	3	2	3	1	1	1	1	4	3	1	2	2	3	1
780	(26)(0)	1	4	1	5	1	1	1	3	4	1	4	1	4	1	1	1	1	3	4	1	1	1	1	5
781	(26)(1)	2	4	1	5	1	1	2	1	3	4	1	4	2	1	1	1	2	3	4	1	1	1	2	3
782	(26)(2)	1	3	2	4	2	1	1	3	3	3	2	3	3	1	1	1	3	3	4	1	1	1	3	1
783	(26)(3)	2	3	2	4	2	1	2	1	3	2	3	2	4	1	1	1	1	3	4	1	1	2	1	4
784	(26)(4)	1	2	3	3	3	1	1	3	3	1	4	1	5	1	1	1	2	3	4	1	1	2	2	2
785	(26)(5)	1	3	2	4	2	2	1	2	2	4	1	4	3	1	1	1	1	3	4	1	1	3	1	3
786	(26)(6)	1	4	1	5	1	3	1	1	2	3	2	3	4	1	1	1	2	3	4	1	1	3	2	1
787	(26)(7)	1	1	4	2	4	1	1	3	2	2	3	2	5	1	1	1	1	3	4	1	1	4	1	2
788	(26)(8)	1	2	3	3	3	2	1	2	2	1	4	1	6	1	1	1	1	3	4	1	1	5	1	1
789	(26)(9)	1	3	2	4	2	3	1	1	1	4	1	4	4	1	1	1	1	4	3	2	1	1	2	3
790	(26)(10)	1	1	4	2	4	2	1	2	1	3	2	3	5	1	1	1	2	4	3	2	1	1	3	1
791	(26)(11)	1	2	3	3	3	3	1	1	1	2	3	2	6	1	1	1	1	3	4	1	2	1	2	3
792	(26)(12)	1	1	4	2	4	3	1	1	1	1	4	2	1	1	4	3	2	3	4	1	2	1	3	1
793	(26)(13)	1	3	2	4	3	1	2	1	2	1	4	2	1	1	5	1	1	3	4	1	2	2	2	2
794	(26)(14)	1	1	4	2	5	1	2	1	1	1	4	2	1	2	4	2	1	4	3	2	1	3	2	1
795	(26)(15)	4	1	4	3	1	2	1	1	1	1	4	2	1	3	4	1	1	3	4	1	2	3	2	1
796	(26)(16)	3	1	4	3	2	1	1	2	1	2	3	3	1	1	5	1	1	5	2	3	1	1	3	1
797	(26)(17)	3	1	4	3	2	2	1	1	1	1	4	2	2	1	5	1	1	4	3	2	2	1	3	1
798	(26)(18)	2	2	3	4	2	1	1	2	1	1	4	3	1	1	4	2	1	3	4	1	3	1	3	1
799	(26)(19)	2	1	4	3	3	1	1	2	1	1	4	3	1	2	4	1	2	2	5	1	1	1	1	4
800	(26)(20)	2	1	4	3	3	2	1	1	1	1	4	4	1	1	4	1	3	2	5	1	1	1	2	2
801	(26)(21)	1	3	2	5	2	1	1	2	4	5	1	1	1	1	1	3	2	2	5	1	1	2	1	3
802	(26)(22)	1	2	3	4	3	1	1	2	4	5	1	1	1	2	1	2	3	2	5	1	1	2	2	1
803	(26)(23)	1	1	4	3	4	1	1	2	4	5	1	1	1	3	1	1	2	2	5	1	1	3	1	2
804	(26)(24)	1	1	4	3	4	2	1	1	3	5	1	1	2	1	1	3	2	2	5	1	1	4	1	1
805	(26)(25)	1	5	1	1	1	1	1	6	4	5	1	1	2	1	2	1	1	3	4	2	1	1	1	4
806	(26)(26)	1	5	1	1	1	2	1	5	3	5	1	1	2	2	1	2	2	3	4	2	1	1	2	2
807	(26)(27)	2	5	1	1	1	2	2	3	3	5	1	1	2	3	1	1	1	2	5	1	2	1	1	4
808	(26)(28)	1	5	1	1	1	3	1	4	2	5	1	1	3	1	1	3	2	2	5	1	2	1	2	2
809	(26)(29)	1	5	1	1	1	4	1	3	3	5	1	1	3	1	2	1	2	3	4	2	1	2	2	1
810	(27)(0)	1	5	1	1	1	5	1	2	2	5	1	1	3	2	1	2	1	2	5	1	2	2	1	3
811	(27)(1)	1	5	1	1	2	1	2	4	2	5	1	1	3	3	1	1	1	3	4	2	1	3	1	2
812	(27)(2)	1	5	1	1	2	2	2	3	1	5	1	1	4	1	1	3	1	2	5	1	2	3	1	2
813	(27)(3)	1	5	1	1	2	3	2	2	2	5	1	1	4	1	2	1	1	3	4	2	1	4	1	1
814	(27)(4)	1	5	1	1	2	4	2	1	1	5	1	1	4	2	1	2	1	2	5	1	2	4	1	1
815	(27)(5)	1	5	1	1	3	1	3	2	1	5	1	1	4	3	1	1	1	4	3	3	1	1	2	2
816	(27)(6)	1	5	1	1	3	2	3	1	1	5	1	1	5	1	2	1	1	3	4	2	2	1	2	2
817	(27)(7)	2	4	2	1	1	1	1	5	5	4	2	1	1	1	1	2	1	4	3	3	1	2	2	1
818	(27)(8)	2	4	2	1	1	2	1	4	1	4	2	1	1	1	6	1	1	2	5	1	3	1	2	2
819	(27)(9)	3	4	2	1	1	2	2	2	5	4	2	1	1	2	1	1	1	3	4	2	2	2	2	1
820	(27)(10)	2	4	2	1	1	3	1	3	4	5	1	2	1	1	1	2	1	2	5	1	3	2	2	1
821	(27)(11)	3	4	2	1	1	3	2	1	4	4	2	1	2	1	1	2	3	1	6	1	1	1	1	3
822	(27)(12)	2	4	2	1	1	4	1	2	4	5	1	2	1	2	1	1	4	1	6	1	1	1	2	1
823	(27)(13)	2	4	2	1	1	5	1	1	4	4	2	1	2	2	1	1	3	1	6	1	1	2	1	2
824	(27)(14)	1	5	1	2	1	1	1	5	3	5	1	2	2	1	1	2	3	1	6	1	1	3	1	1
825	(27)(15)	2	5	1	2	1	1	2	3	3	4	2	1	3	1	1	2	2	2	5	2	1	1	1	3
826	(27)(16)	1	4	2	1	2	1	1	5	3	5	1	2	2	2	1	1	3	2	5	2	1	1	2	1
827	(27)(17)	2	4	2	1	2	1	2	3	3	4	2	1	3	2	1	1	2	1	6	1	2	1	1	3
828	(27)(18)	2	5	1	2	1	2	2	2	2	5	1	2	3	1	1	2	2	2	5	2	1	2	1	2
829	(27)(19)	1	4	2	1	2	2	1	4	2	4	2	1	4	1	1	2	2	1	6	1	2	2	1	2
830	(27)(20)	2	4	2	1	2	2	2	2	2	5	1	2	3	2	1	1	2	2	5	2	1	3	1	1
831	(27)(21)	1	4	2	1	2	3	1	3	2	4	2	1	4	2	1	1	2	1	6	1	2	3	1	1
832	(27)(22)	2	4	2	1	2	3	2	1	1	5	1	2	4	1	1	2	1	3	4	3	1	1	1	3
833	(27)(23)	1	4	2	1	2	4	1	2	1	4	2	1	5	1	1	2	2	3	4	3	1	1	2	1
834	(27)(24)	1	5	1	2	1	5	1	1	1	5	1	2	4	2	1	1	1	2	5	2	2	1	1	3
835	(27)(25)	1	4	2	1	2	5	1	1	1	4	2	1	5	2	1	1	1	3	4	3	1	2	1	2
836	(27)(26)	1	5	1	2	2	1	2	3	6	3	3	1	1	1	1	1	1	1	6	1	3	1	1	3
837	(27)(27)	2	5	1	2	2	1	3	1	1	3	3	1	1	1	5	2	1	2	5	2	2	2	1	2
838	(27)(28)	1	4	2	1	3	1	2	3	1	3	3	1	1	2	5	1	1	3	4	3	1	3	1	1
839	(27)(29)	2	4	2	1	3	1	3	1	5	4	2	2	1	1	1	1	1	1	6	1	3	2	1	2
840	(28)(0)	1	4	2	1	3	2	2	2	5	3	3	1	2	1	1	1	1	2	5	2	2	3	1	1
841	(28)(1)	1	5	1	2	2	3	2	1	4	5	1	3	1	1	1	1	1	1	6	1	3	3	1	1
842	(28)(2)	1	4	2	1	3	3	2	1	4	4	2	2	2	1	1	1	1	4	3	4	1	1	2	1
843	(28)(3)	1	5	1	2	3	1	3	1	4	3	3	1	3	1	1	1	1	3	4	3	2	1	2	1
844	(28)(4)	1	4	2	1	4	1	3	1	3	5	1	3	2	1	1	1	1	2	5	2	3	1	2	1
845	(28)(5)	3	3	3	1	1	1	1	4	3	4	2	2	3	1	1	1	1	1	6	1	4	1	2	1
846	(28)(6)	3	3	3	1	1	2	1	3	3	3	3	1	4	1	1	1	3	1	6	2	1	1	1	2
847	(28)(7)	3	3	3	1	1	3	1	2	2	5	1	3	3	1	1	1	3	1	6	2	1	2	1	1
848	(28)(8)	3	3	3	1	1	4	1	1	2	4	2	2	4	1	1	1	2	2	5	3	1	1	1	2
849	(28)(9)	2	4	2	2	1	1	1	4	2	3	3	1	5	1	1	1	2	1	6	2	2	1	1	2
850	(28)(10)	2	3	3	1	2	1	1	4	1	5	1	3	4	1	1	1	2	2	5	3	1	2	1	1
851	(28)(11)	3	3	3	1	2	1	2	2	1	4	2	2	5	1	1	1	2	1	6	2	2	2	1	1
852	(28)(12)	3	4	2	2	1	2	2	1	1	3	3	1	6	1	1	1	1	3	4	4	1	1	1	2
853	(28)(13)	2	3	3	1	2	2	1	3	1	2	4	1	1	1	4	3	1	2	5	3	2	1	1	2
854	(28)(14)	3	3	3	1	2	2	2	1	2	2	4	1	1	1	5	1	1	3	4	4	1	2	1	1
855	(28)(15)	2	3	3	1	2	3	1	2	1	2	4	1	1	2	4	2	1	1	6	2	3	1	1	2
856	(28)(16)	2	4	2	2	1	4	1	1	1	2	4	1	1	3	4	1	1	2	5	3	2	2	1	1
857	(28)(17)	2	3	3	1	2	4	1	1	1	3	3	2	1	1	5	1	1	1	6	2	3	2	1	1
858	(28)(18)	1	5	1	3	1	1	1	4	1	2	4	1	2	1	5	1	3	1	6	3	1	1	1	1
859	(28)(19)	1	4	2	2	2	1	1	4	1	1	5	1	1	1	3	4	2	2	5	4	1	1	1	1
860	(28)(20)	1	5	1	3	1	2	1	3	2	1	5	1	1	1	4	2	2	1	6	3	2	1	1	1
861	(28)(21)	2	5	1	3	1	2	2	1	1	1	5	1	1	2	3	3	1	3	4	5	1	1	1	1
862	(28)(22)	1	3	3	1	3	1	1	4	2	1	5	1	1	2	4	1	1	2	5	4	2	1	1	1
863	(28)(23)	1	4	2	2	2	2	1	3	1	1	5	1	1	3	3	2	1	1	6	3	3	1	1	1
864	(28)(24)	1	5	1	3	1	3	1	2	1	1	5	1	1	4	3	1	1	6	2	1	1	1	3	2
865	(28)(25)	1	3	3	1	3	2	1	3	1	2	4	2	1	1	4	2	1	6	2	1	1	2	3	1
866	(28)(26)	1	4	2	2	2	3	1	2	1	1	5	1	2	1	4	2	1	5	3	1	1	1	2	3
867	(28)(27)	1	5	1	3	1	4	1	1	1	2	4	2	1	2	4	1	2	5	3	1	1	1	3	1
868	(28)(28)	1	3	3	1	3	3	1	2	1	1	5	1	2	2	4	1	1	5	3	1	1	2	2	2
869	(28)(29)	1	4	2	2	2	4	1	1	1	1	5	2	1	1	3	3	1	5	3	1	1	3	2	1
870	(29)(0)	1	5	1	3	2	1	2	2	2	1	5	2	1	1	4	1	1	6	2	2	1	1	3	1
871	(29)(1)	1	4	2	2	3	1	2	2	1	1	5	2	1	2	3	2	1	5	3	1	2	1	3	1
872	(29)(2)	1	5	1	3	2	2	2	1	1	1	5	2	1	3	3	1	1	4	4	1	1	1	1	4
873	(29)(3)	1	3	3	1	4	1	2	2	1	2	4	3	1	1	4	1	2	4	4	1	1	1	2	2
874	(29)(4)	1	4	2	2	3	2	2	1	1	1	5	2	2	1	4	1	1	4	4	1	1	2	1	3
875	(29)(5)	1	3	3	1	4	2	2	1	1	1	5	3	1	1	3	2	2	4	4	1	1	2	2	1
876	(29)(6)	4	2	4	1	1	1	1	3	1	1	5	3	1	2	3	1	1	4	4	1	1	3	1	2
877	(29)(7)	4	2	4	1	1	2	1	2	1	1	5	4	1	1	3	1	1	4	4	1	1	4	1	1
878	(29)(8)	4	2	4	1	1	3	1	1	3	6	1	1	2	1	1	2	1	5	3	2	1	1	2	2
879	(29)(9)	3	3	3	2	1	1	1	3	3	6	1	1	2	2	1	1	1	4	4	1	2	1	2	2
880	(29)(10)	3	2	4	1	2	1	1	3	2	6	1	1	3	1	1	2	1	5	3	2	1	2	2	1
881	(29)(11)	4	2	4	1	2	1	2	1	2	6	1	1	3	2	1	1	1	4	4	1	2	2	2	1
882	(29)(12)	3	2	4	1	2	2	1	2	1	6	1	1	4	1	1	2	2	3	5	1	1	1	1	3
883	(29)(13)	3	3	3	2	1	3	1	1	1	6	1	1	4	2	1	1	3	3	5	1	1	1	2	1
884	(29)(14)	3	2	4	1	2	3	1	1	4	5	2	1	2	1	1	1	2	3	5	1	1	2	1	2
885	(29)(15)	2	4	2	3	1	1	1	3	3	6	1	2	2	1	1	1	2	3	5	1	1	3	1	1
886	(29)(16)	3	4	2	3	1	1	2	1	3	5	2	1	3	1	1	1	1	4	4	2	1	1	1	3
887	(29)(17)	2	3	3	2	2	1	1	3	2	6	1	2	3	1	1	1	2	4	4	2	1	1	2	1
888	(29)(18)	3	3	3	2	2	1	2	1	2	5	2	1	4	1	1	1	1	3	5	1	2	1	1	3
889	(29)(19)	2	2	4	1	3	1	1	3	1	6	1	2	4	1	1	1	2	3	5	1	2	1	2	1
890	(29)(20)	2	3	3	2	2	2	1	2	1	5	2	1	5	1	1	1	1	3	5	1	2	2	1	2
891	(29)(21)	2	4	2	3	1	3	1	1	1	4	3	1	1	1	5	1	1	4	4	2	1	3	1	1
892	(29)(22)	2	2	4	1	3	2	1	2	1	3	4	1	1	1	4	2	1	3	5	1	2	3	1	1
893	(29)(23)	2	3	3	2	2	3	1	1	1	3	4	1	1	2	4	1	1	5	3	3	1	1	2	1
894	(29)(24)	2	2	4	1	3	3	1	1	1	2	5	1	1	1	3	3	1	4	4	2	2	1	2	1
895	(29)(25)	1	5	1	4	1	1	1	3	2	2	5	1	1	1	4	1	1	3	5	1	3	1	2	1
896	(29)(26)	2	5	1	4	1	1	2	1	1	2	5	1	1	2	3	2	3	2	6	1	1	1	1	2
897	(29)(27)	1	4	2	3	2	1	1	3	1	2	5	1	1	3	3	1	3	2	6	1	1	2	1	1
898	(29)(28)	2	4	2	3	2	1	2	1	1	3	4	2	1	1	4	1	2	3	5	2	1	1	1	2
899	(29)(29)	1	3	3	2	3	1	1	3	1	2	5	1	2	1	4	1	2	2	6	1	2	1	1	2
900	(30)(0)	1	4	2	3	2	2	1	2	1	1	6	1	1	1	2	4	2	3	5	2	1	2	1	1
901	(30)(1)	1	5	1	4	1	3	1	1	2	1	6	1	1	1	3	2	2	2	6	1	2	2	1	1
902	(30)(2)	1	2	4	1	4	1	1	3	1	1	6	1	1	2	2	3	1	4	4	3	1	1	1	2
903	(30)(3)	1	3	3	2	3	2	1	2	2	1	6	1	1	2	3	1	1	3	5	2	2	1	1	2
904	(30)(4)	1	4	2	3	2	3	1	1	1	1	6	1	1	3	2	2	1	4	4	3	1	2	1	1
905	(30)(5)	1	2	4	1	4	2	1	2	1	1	6	1	1	4	2	1	1	2	6	1	3	1	1	2
906	(30)(6)	1	3	3	2	3	3	1	1	1	2	5	2	1	1	3	2	1	3	5	2	2	2	1	1
907	(30)(7)	1	5	1	4	2	1	2	1	1	1	6	1	2	1	3	2	1	2	6	1	3	2	1	1
908	(30)(8)	1	4	2	3	3	1	2	1	1	2	5	2	1	2	3	1	3	2	6	2	1	1	1	1
909	(30)(9)	1	3	3	2	4	1	2	1	1	1	6	1	2	2	3	1	2	3	5	3	1	1	1	1
910	(30)(10)	1	2	4	1	5	1	2	1	1	1	6	2	1	1	2	3	2	2	6	2	2	1	1	1
911	(30)(11)	5	1	5	1	1	1	1	2	2	1	6	2	1	1	3	1	1	4	4	4	1	1	1	1
912	(30)(12)	5	1	5	1	1	2	1	1	1	1	6	2	1	2	2	2	1	3	5	3	2	1	1	1
913	(30)(13)	4	2	4	2	1	1	1	2	1	1	6	2	1	3	2	1	1	2	6	2	3	1	1	1
914	(30)(14)	4	1	5	1	2	1	1	2	1	2	5	3	1	1	3	1	1	6	3	1	1	1	2	2
915	(30)(15)	4	2	4	2	1	2	1	1	1	1	6	2	2	1	3	1	1	6	3	1	1	2	2	1
916	(30)(16)	4	1	5	1	2	2	1	1	1	1	6	3	1	1	2	2	1	5	4	1	1	1	1	3
917	(30)(17)	3	3	3	3	1	1	1	2	1	1	6	3	1	2	2	1	2	5	4	1	1	1	2	1
918	(30)(18)	3	2	4	2	2	1	1	2	1	4	4	1	1	1	4	1	1	5	4	1	1	2	1	2
919	(30)(19)	3	3	3	3	1	2	1	1	1	3	5	1	1	1	3	2	1	5	4	1	1	3	1	1
920	(30)(20)	3	1	5	1	3	1	1	2	1	3	5	1	1	2	3	1	1	6	3	2	1	1	2	1
921	(30)(21)	3	2	4	2	2	2	1	1	1	2	6	1	1	1	2	3	1	5	4	1	2	1	2	1
922	(30)(22)	3	1	5	1	3	2	1	1	2	2	6	1	1	1	3	1	2	4	5	1	1	1	1	2
923	(30)(23)	2	4	2	4	1	1	1	2	1	2	6	1	1	2	2	2	2	4	5	1	1	2	1	1
924	(30)(24)	2	3	3	3	2	1	1	2	1	2	6	1	1	3	2	1	1	5	4	2	1	1	1	2
925	(30)(25)	2	4	2	4	1	2	1	1	1	3	5	2	1	1	3	1	1	4	5	1	2	1	1	2
926	(30)(26)	2	2	4	2	3	1	1	2	1	2	6	1	2	1	3	1	1	5	4	2	1	2	1	1
927	(30)(27)	2	3	3	3	2	2	1	1	1	2	6	2	1	1	2	2	1	4	5	1	2	2	1	1
928	(30)(28)	2	1	5	1	4	1	1	2	1	2	6	2	1	2	2	1	3	3	6	1	1	1	1	1
