##	Base30	Cluster0	Cluster3	Cluster6
-	(0)(0)	11101010111000000	11111010101100000	11010101111100000
1	(0)(1)	11110101011110000	11111101010111000	11101010111111000
2	(0)(2)	11111010101111100	11110101001000000	10101001111000000
3	(0)(3)	11101010011100000	11111010100110000	11010100111110000
4	(0)(4)	11110101001111000	11111101010011100	11101010011111100
5	(0)(5)	11111010100111110	11110101000100000	10101000111100000
6	(0)(6)	11010100011000000	11111010100011000	11010100011111000
7	(0)(7)	11101010001110000	11111101010001110	11101010001111110
8	(0)(8)	11010100001100000	11110101000010000	10101000011110000
9	(0)(9)	10101000001000000	11111010100001100	11010100001111100
10	(0)(10)	11010100000110000	11110101000001000	10101000001111000
11	(0)(11)	10101000000100000	11111010100000110	11111101011010000
12	(0)(12)	11010110111000000	11110101000000100	10101101111100000
13	(0)(13)	11101011011110000	11110101101100000	11010110111111000
14	(0)(14)	11110101101111100	11111010110111000	11111101011001000
15	(0)(15)	11010110011100000	11111101011011110	10101100111110000
16	(0)(16)	11101011001111000	11101011001000000	11010110011111100
17	(0)(17)	11110101100111110	11110101100110000	11111101011000100
18	(0)(18)	10101100011000000	11111010110011100	10101100011111000
19	(0)(19)	11010110001110000	11101011000100000	11010110001111110
20	(0)(20)	10101100001100000	11110101100011000	11111101011000010
21	(0)(21)	10101110111000000	11111010110001110	10101100001111100
22	(0)(22)	11010111011110000	11101011000010000	11111010111010000
23	(0)(23)	11101011101111100	11110101100001100	11111101011101100
24	(0)(24)	10101110011100000	11101011000001000	10101110111111000
25	(0)(25)	11010111001111000	11110101100000110	11111010111001000
26	(0)(26)	11101011100111110	11101011000000100	11111101011100110
27	(0)(27)	10101110001110000	11101011101100000	10101110011111100
28	(0)(28)	11010111000111100	11110101110111000	11111010111000100
29	(0)(29)	10101111011110000	11111010111011110	10101110001111110
30	(1)(0)	11010111101111100	11010111001000000	11111010111000010
31	(1)(1)	10101111001111000	11101011100110000	11110101111010000
32	(1)(2)	11010111100111110	11110101110011100	11111010111101100
33	(1)(3)	10101111101111100	11010111000100000	11110101111001000
34	(1)(4)	11111010111111010	11101011100011000	11111010111100110
35	(1)(5)	11101001011100000	11110101110001110	11110101111000100
36	(1)(6)	11110100101111000	11010111000010000	11110101111000010
37	(1)(7)	11111010010111110	11101011100001100	11101011111010000
38	(1)(8)	11010010011000000	11010111000001000	11110101111101100
39	(1)(9)	11101001001110000	11101011100000110	11101011111001000
40	(1)(10)	11110100100111100	11010111000000100	11110101111100110
41	(1)(11)	11010010001100000	11010111101100000	11101011111000100
42	(1)(12)	11101001000111000	11101011110111000	11101011111000010
43	(1)(13)	10100100001000000	11110101111011110	11010111111010000
44	(1)(14)	11010010000110000	10101111001000000	11101011111101100
45	(1)(15)	11101001000011100	11010111100110000	11010111111001000
46	(1)(16)	10100100000100000	11101011110011100	11101011111100110
47	(1)(17)	11010010000011000	10101111000100000	11010111111000100
48	(1)(18)	10100100000010000	11010111100011000	10100101111000000
49	(1)(19)	11010011011100000	11101011110001110	11010010111110000
50	(1)(20)	11101001101111000	10101111000010000	11101001011111100
51	(1)(21)	11110100110111110	11010111100001100	10100100111100000
52	(1)(22)	10100110011000000	10101111000001000	11010010011111000
53	(1)(23)	11010011001110000	11010111100000110	11101001001111110
54	(1)(24)	11101001100111100	10101111101100000	10100100011110000
55	(1)(25)	10100110001100000	11010111110111000	11010010001111100
56	(1)(26)	11010011000111000	11101011111011110	10100100001111000
57	(1)(27)	11101001100011110	10101111100110000	11010010000111110
58	(1)(28)	10100110000110000	11010111110011100	10100100000111100
59	(1)(29)	11010011000011100	10101111100011000	11111101001101000
60	(2)(0)	10100111011100000	11010111110001110	10100110111110000
61	(2)(1)	11010011101111000	10101111100001100	11010011011111100
62	(2)(2)	11101001110111110	10101111110111000	11111101001100100
63	(2)(3)	10100111001110000	11010111111011110	10100110011111000
64	(2)(4)	11010011100111100	10101111110011100	11010011001111110
65	(2)(5)	10100111000111000	10101111110001110	11111101001100010
66	(2)(6)	11010011100011110	11110100101000000	10100110001111100
67	(2)(7)	10100111101111000	11111010010110000	10100110000111110
68	(2)(8)	11010011110111110	11111101001011100	11111010011101000
69	(2)(9)	10100111100111100	11110100100100000	11111101001110110
70	(2)(10)	10100111100011110	11111010010011000	10100111011111100
71	(2)(11)	11010001011000000	11111101001001110	11111010011100100
72	(2)(12)	11101000101110000	11110100100010000	10100111001111110
73	(2)(13)	11110100010111100	11111010010001100	11111010011100010
74	(2)(14)	11010001001100000	11110100100001000	11110100111101000
75	(2)(15)	11101000100111000	11111010010000110	11111010011110110
76	(2)(16)	11110100010011110	11110100100000100	11110100111100100
77	(2)(17)	10100010001000000	11110100100000010	11110100111100010
78	(2)(18)	11010001000110000	11101001101000000	11101001111101000
79	(2)(19)	11101000100011100	11110100110110000	11110100111110110
80	(2)(20)	10100010000100000	11111010011011100	11101001111100100
81	(2)(21)	11010001000011000	11101001100100000	11101001111100010
82	(2)(22)	10100010000010000	11110100110011000	11010011111101000
83	(2)(23)	10100010000001000	11111010011001110	11101001111110110
84	(2)(24)	10100011011000000	11101001100010000	11010011111100100
85	(2)(25)	11010001101110000	11110100110001100	11010011111100010
86	(2)(26)	11101000110111100	11101001100001000	10100010111100000
87	(2)(27)	10100011001100000	11110100110000110	11010001011111000
88	(2)(28)	11010001100111000	11101001100000100	11101000101111110
89	(2)(29)	11101000110011110	11101001100000010	10100010011110000
90	(3)(0)	10100011000110000	11010011101000000	11010001001111100
91	(3)(1)	11010001100011100	11101001110110000	10100010001111000
92	(3)(2)	10100011000011000	11110100111011100	11010001000111110
93	(3)(3)	10100011000001100	11010011100100000	10100010000111100
94	(3)(4)	10100011101110000	11101001110011000	10100010000011110
95	(3)(5)	11010001110111100	11110100111001110	11111101000110100
96	(3)(6)	10100011100111000	11010011100010000	10100011011111000
97	(3)(7)	11010001110011110	11101001110001100	11010001101111110
98	(3)(8)	10100011100011100	11010011100001000	11111101000110010
99	(3)(9)	10100011110111100	11101001110000110	10100011001111100
100	(3)(10)	11010000101100000	11010011100000100	10100011000111110
101	(3)(11)	11101000010111000	11010011100000010	11111010001110100
102	(3)(12)	11110100001011110	10100111101000000	10100011101111110
103	(3)(13)	10100001001000000	11010011110110000	11111010001110010
104	(3)(14)	11010000100110000	11101001111011100	11110100011110100
105	(3)(15)	11101000010011100	10100111100100000	11110100011110010
106	(3)(16)	10100001000100000	11010011110011000	11101000111110100
107	(3)(17)	11010000100011000	11101001111001110	11101000111110010
108	(3)(18)	11101000010001110	10100111100010000	11010001111110100
109	(3)(19)	10100001000010000	11010011110001100	11010001111110010
110	(3)(20)	11010000100001100	10100111100001000	10100001011110000
111	(3)(21)	10100001000001000	11010011110000110	11010000101111100
112	(3)(22)	11010000100000110	10100111100000100	10100001001111000
113	(3)(23)	10100001101100000	10100111110110000	11010000100111110
114	(3)(24)	11010000110111000	11010011111011100	10100001000111100
115	(3)(25)	11101000011011110	10100111110011000	10100001000011110
116	(3)(26)	10100001100110000	11010011111001110	11111101000011010
117	(3)(27)	11010000110011100	10100111110001100	10100001101111100
118	(3)(28)	10100001100011000	10100111110000110	10100001100111110
119	(3)(29)	11010000110001110	10100111111011100	11111010000111010
120	(4)(0)	10100001100001100	10100111111001110	11110100001111010
121	(4)(1)	10100001100000110	11110100010100000	11101000011111010
122	(4)(2)	11010000111011110	11111010001011000	10100000101111000
123	(4)(3)	10100001110001110	11111101000101110	11010000010111110
124	(4)(4)	10100000101000000	11110100010010000	10100000100111100
125	(4)(5)	11010000010110000	11111010001001100	10100000100011110
126	(4)(6)	11101000001011100	11110100010001000	10100000110111110
127	(4)(7)	10100000100100000	11111010001000110	10100000010111100
128	(4)(8)	11010000010011000	11110100010000100	10100000010011110
129	(4)(9)	11101000001001110	11110100010000010	10010101111000000
130	(4)(10)	10100000100010000	11101000110100000	11001010111110000
131	(4)(11)	11010000010001100	11110100011011000	11100101011111100
132	(4)(12)	10100000100001000	11111010001101110	10010100111100000
133	(4)(13)	11010000010000110	11101000110010000	11001010011111000
134	(4)(14)	10100000100000100	11110100011001100	11100101001111110
135	(4)(15)	10100000110110000	11101000110001000	10010100011110000
136	(4)(16)	10100000110011000	11110100011000110	11001010001111100
137	(4)(17)	10100000110001100	11101000110000100	10010100001111000
138	(4)(18)	10100000010100000	11101000110000010	11001010000111110
139	(4)(19)	11101000000101110	11010001110100000	10010100000111100
140	(4)(20)	11010000001001100	11101000111011000	11111100101101000
141	(4)(21)	11010000001000110	11110100011101110	10010110111110000
142	(4)(22)	10100000010000010	11010001110010000	11001011011111100
143	(4)(23)	11100101011100000	11101000111001100	11111100101100100
144	(4)(24)	11110010101111000	11010001110001000	10010110011111000
145	(4)(25)	11111001010111110	11101000111000110	11001011001111110
146	(4)(26)	11001010011000000	11010001110000100	11111100101100010
147	(4)(27)	11100101001110000	11010001110000010	10010110001111100
148	(4)(28)	11110010100111100	10100011110100000	10010110000111110
149	(4)(29)	11001010001100000	11010001111011000	11111001011101000
150	(5)(0)	11100101000111000	11101000111101110	11111100101110110
151	(5)(1)	11110010100011110	10100011110010000	10010111011111100
152	(5)(2)	10010100001000000	11010001111001100	11111001011100100
153	(5)(3)	11001010000110000	10100011110001000	10010111001111110
154	(5)(4)	10010100000100000	11010001111000110	11111001011100010
155	(5)(5)	11001011011100000	10100011110000100	11110010111101000
156	(5)(6)	11100101101111000	10100011110000010	11111001011110110
157	(5)(7)	11110010110111110	10100011111011000	11110010111100100
158	(5)(8)	10010110011000000	11010001111101110	11110010111100010
159	(5)(9)	11001011001110000	10100011111001100	11100101111101000
160	(5)(10)	11100101100111100	10100011111000110	11110010111110110
161	(5)(11)	10010110001100000	10100011111101110	11100101111100100
162	(5)(12)	11001011000111000	11110100001010000	11100101111100010
163	(5)(13)	10010110000110000	11111010000101100	11001011111101000
164	(5)(14)	10010110000011000	11110100001001000	11100101111110110
165	(5)(15)	10010111011100000	11111010000100110	11001011111100100
166	(5)(16)	11001011101111000	11110100001000100	11001011111100010
167	(5)(17)	11100101110111110	11110100001000010	11011010111100000
168	(5)(18)	10010111001110000	11101000011010000	11101101011111000
169	(5)(19)	11001011100111100	11110100001101100	11110110101111110
170	(5)(20)	10010111000111000	11101000011001000	10110100111000000
171	(5)(21)	10010111000011100	11110100001100110	11011010011110000
172	(5)(22)	10010111101111000	11101000011000100	11101101001111100
173	(5)(23)	11001011110111110	11101000011000010	10110100011100000
174	(5)(24)	10010111100111100	11010000111010000	11011010001111000
175	(5)(25)	10010111110111110	11101000011101100	11101101000111110
176	(5)(26)	11101101011000000	11010000111001000	10110100001110000
177	(5)(27)	11110110101110000	11101000011100110	11011010000111100
178	(5)(28)	11111011010111100	11010000111000100	10110100000111000
179	(5)(29)	11101101001100000	11010000111000010	11011010000011110
180	(6)(0)	11110110100111000	10100001111010000	10110100000011100
181	(6)(1)	11111011010011110	11010000111101100	10010010111100000
182	(6)(2)	11011010001000000	10100001111001000	11001001011111000
183	(6)(3)	11101101000110000	11010000111100110	11100100101111110
184	(6)(4)	11110110100011100	10100001111000100	10110110111100000
185	(6)(5)	11011010000100000	10100001111000010	10010010011110000
186	(6)(6)	11101101000011000	10100001111101100	11001001001111100
187	(6)(7)	11110110100001110	10100001111100110	10110110011110000
188	(6)(8)	11011010000010000	11110100000101000	11011011001111100
189	(6)(9)	11101101000001100	11111010000010110	11001001000111110
190	(6)(10)	11001001011000000	11110100000100100	10110110001111000
191	(6)(11)	11100100101110000	11110100000100010	10010010000111100
192	(6)(12)	11110010010111100	11101000001101000	10110110000111100
193	(6)(13)	11011011011000000	11110100000110110	10010010000011110
194	(6)(14)	11001001001100000	11101000001100100	10110110000011110
195	(6)(15)	11100100100111000	11101000001100010	11111100100110100
196	(6)(16)	11110010010011110	11010000011101000	10010011011111000
197	(6)(17)	11011011001100000	11101000001110110	11001001101111110
198	(6)(18)	11101101100111000	11010000011100100	11111101101110100
199	(6)(19)	11110110110011110	11010000011100010	11111100100110010
200	(6)(20)	10110110001000000	10100000111101000	10110111011111000
201	(6)(21)	10010010000100000	11010000011110110	10010011001111100
202	(6)(22)	11001001000011000	10100000111100100	11111101101110010
203	(6)(23)	11100100100001110	10100000111100010	10110111001111100
204	(6)(24)	10110110000100000	11110100000010100	10010011000111110
205	(6)(25)	11011011000011000	11110100000010010	10110111000111110
206	(6)(26)	10110110000010000	11101000000110100	11111001001110100
207	(6)(27)	10010011011000000	11101000000110010	10010011101111110
208	(6)(28)	11001001101110000	11010000001110100	11111011011110100
209	(6)(29)	11100100110111100	11010000001110010	11111001001110010
210	(7)(0)	10110111011000000	11110010101000000	10110111101111110
211	(7)(1)	10010011001100000	11111001010110000	11111011011110010
212	(7)(2)	11001001100111000	11111100101011100	11110010011110100
213	(7)(3)	11100100110011110	11110010100100000	11110110111110100
214	(7)(4)	10110111001100000	11111001010011000	11110010011110010
215	(7)(5)	11011011100111000	11111100101001110	11110110111110010
216	(7)(6)	11101101110011110	11110010100010000	11100100111110100
217	(7)(7)	10110111000110000	11111001010001100	11101101111110100
218	(7)(8)	10010011000011000	11110010100001000	11100100111110010
219	(7)(9)	10110111000011000	11111001010000110	11101101111110010
220	(7)(10)	10010011101110000	11110010100000100	11001001111110100
221	(7)(11)	11001001110111100	11110010100000010	11001001111110010
222	(7)(12)	10110111101110000	11100101101000000	10110010111000000
223	(7)(13)	10010011100111000	11110010110110000	11011001011110000
224	(7)(14)	11001001110011110	11111001011011100	11101100101111100
225	(7)(15)	10110111100111000	11100101100100000	10110010011100000
226	(7)(16)	11011011110011110	11110010110011000	11011001001111000
227	(7)(17)	10110111100011100	11111001011001110	11101100100111110
228	(7)(18)	10010011110111100	11100101100010000	10110010001110000
229	(7)(19)	10110111110111100	11110010110001100	11011001000111100
230	(7)(20)	10010011110011110	11100101100001000	10110010000111000
231	(7)(21)	10110111110011110	11110010110000110	11011001000011110
232	(7)(22)	11101100101100000	11100101100000100	10110010000011100
233	(7)(23)	11110110010111000	11100101100000010	10110010000001110
234	(7)(24)	11111011001011110	11001011101000000	10010001011110000
235	(7)(25)	11011001001000000	11100101110110000	11001000101111100
236	(7)(26)	11101100100110000	11110010111011100	10110011011110000
237	(7)(27)	11110110010011100	11001011100100000	10010001001111000
238	(7)(28)	11011001000100000	11100101110011000	11001000100111110
239	(7)(29)	11101100100011000	11110010111001110	10110011001111000
240	(8)(0)	11110110010001110	11001011100010000	11011001100111110
241	(8)(1)	11011001000010000	11100101110001100	10110011000111100
242	(8)(2)	11101100100001100	11001011100001000	10010001000011110
243	(8)(3)	11011001000001000	11100101110000110	10110011000011110
244	(8)(4)	11011001000000100	11001011100000100	11111100100011010
245	(8)(5)	11001000101100000	11001011100000010	10010001101111100
246	(8)(6)	11100100010111000	10010111101000000	11111101100111010
247	(8)(7)	11110010001011110	11001011110110000	10110011101111100
248	(8)(8)	11011001101100000	11100101111011100	10010001100111110
249	(8)(9)	11001000100110000	10010111100100000	10110011100111110
250	(8)(10)	11100100010011100	11001011110011000	11111001000111010
251	(8)(11)	10110011001000000	11100101111001110	11111011001111010
252	(8)(12)	10010001000100000	10010111100010000	11110010001111010
253	(8)(13)	11101100110011100	11001011110001100	11110110011111010
254	(8)(14)	11100100010001110	10010111100001000	11100100011111010
255	(8)(15)	10110011000100000	11001011110000110	11101100111111010
256	(8)(16)	10010001000010000	10010111100000100	11001000111111010
257	(8)(17)	11001000100001100	10010111110110000	10110001011100000
258	(8)(18)	10110011000010000	11001011111011100	11011000101111000
259	(8)(19)	11011001100001100	10010111110011000	11101100010111110
260	(8)(20)	11001000100000110	11001011111001110	10110001001110000
261	(8)(21)	10010001000000100	10010111110001100	11011000100111100
262	(8)(22)	10010001101100000	10010111110000110	10110001000111000
263	(8)(23)	11001000110111000	10010111111011100	11011000100011110
264	(8)(24)	11100100011011110	10010111111001110	10110001000011100
265	(8)(25)	10110011101100000	11111011010100000	10110001000001110
266	(8)(26)	10010001100110000	11111101101011000	10010000101111000
267	(8)(27)	11001000110011100	10110101111110000	11001000010111110
268	(8)(28)	10110011100110000	11111011010010000	10110001101111000
269	(8)(29)	11011001110011100	11111101101001100	10010000100111100
270	(9)(0)	11001000110001110	10110100111111000	10110001100111100
271	(9)(1)	10110011100011000	11111011010001000	10010000100011110
272	(9)(2)	10010001100001100	11111101101000110	10110001100011110
273	(9)(3)	10010001100000110	10110100011111100	10010000110111110
274	(9)(4)	10010001110111000	11111011010000100	10110001110111110
275	(9)(5)	11001000111011110	11111011010000010	10110000101110000
276	(9)(6)	10110011110111000	11110010010100000	11011000010111100
277	(9)(7)	10010001110011100	11111001001011000	10110000100111000
278	(9)(8)	10110011110011100	11111100100101110	11011000010011110
279	(9)(9)	10010001110001110	11110110110100000	10110000100011100
280	(9)(10)	10110011110001110	11110010010010000	10110000100001110
281	(9)(11)	10110011111011110	11111101101101110	10010000010111100
282	(9)(12)	11011000101000000	11110110110010000	10110000110111100
283	(9)(13)	11101100010110000	11111011011001100	10010000010011110
284	(9)(14)	11110110001011100	11111001001000110	10110000110011110
285	(9)(15)	11011000100100000	11110110110001000	10110000010111000
286	(9)(16)	11101100010011000	11110010010000100	11011000001011110
287	(9)(17)	11110110001001110	11110110110000100	10110000010011100
288	(9)(18)	11011000100010000	11110010010000010	10110000010001110
289	(9)(19)	11101100010001100	11110110110000010	10010000001011110
290	(9)(20)	11011000100001000	11100100110100000	10110000011011110
291	(9)(21)	11101100010000110	11110010011011000	10110000001011100
292	(9)(22)	11011000100000100	11111001001101110	10110000001001110
293	(9)(23)	11011000100000010	11101101110100000	10001010111100000
294	(9)(24)	10010000101000000	11100100110010000	11000101011111000
295	(9)(25)	11001000010110000	11110010011001100	11100010101111110
296	(9)(26)	11100100001011100	11101101110010000	10001010011110000
297	(9)(27)	10110001101000000	11110110111001100	11000101001111100
298	(9)(28)	10010000100100000	11110010011000110	10001010001111000
299	(9)(29)	11001000010011000	11101101110001000	11000101000111110
300	(10)(0)	11100100001001110	11100100110000100	10001010000111100
301	(10)(1)	10110001100100000	11101101110000100	10001010000011110
302	(10)(2)	11011000110011000	11100100110000010	11111100010110100
303	(10)(3)	11101100011001110	11101101110000010	10001011011111000
304	(10)(4)	10110001100010000	11001001110100000	11000101101111110
305	(10)(5)	10010000100001000	11100100111011000	11111100010110010
306	(10)(6)	11001000010000110	11110010011101110	10001011001111100
307	(10)(7)	10110001100001000	11011011110100000	10001011000111110
308	(10)(8)	11011000110000110	11001001110010000	11111000101110100
309	(10)(9)	10110001100000100	11100100111001100	10001011101111110
310	(10)(10)	10010000110110000	11011011110010000	11111000101110010
311	(10)(11)	11001000011011100	11101101111001100	11110001011110100
312	(10)(12)	10110001110110000	11100100111000110	11110001011110010
313	(10)(13)	10010000110011000	11011011110001000	11100010111110100
314	(10)(14)	11001000011001110	11001001110000100	11100010111110010
315	(10)(15)	10110001110011000	11011011110000100	11000101111110100
316	(10)(16)	11011000111001110	11001001110000010	11000101111110010
317	(10)(17)	10110001110001100	11011011110000010	10011010111000000
318	(10)(18)	10010000110000110	10010011110100000	11001101011110000
319	(10)(19)	10110001110000110	11001001111011000	11100110101111100
320	(10)(20)	10110001111011100	11100100111101110	10011010011100000
321	(10)(21)	10110001111001110	10110111110100000	11001101001111000
322	(10)(22)	11011000010100000	10010011110010000	11100110100111110
323	(10)(23)	11101100001011000	11001001111001100	10011010001110000
324	(10)(24)	11110110000101110	10110111110010000	11001101000111100
325	(10)(25)	11011000010010000	11011011111001100	10011010000111000
326	(10)(26)	11101100001001100	11001001111000110	11001101000011110
327	(10)(27)	11011000010001000	10110111110001000	10011010000011100
328	(10)(28)	11101100001000110	10010011110000100	10011010000001110
329	(10)(29)	11011000010000100	10110111110000100	10001001011110000
330	(11)(0)	11011000010000010	10010011110000010	11000100101111100
331	(11)(1)	10010000010100000	10010011111011000	10011011011110000
332	(11)(2)	11001000001011000	11001001111101110	10001001001111000
333	(11)(3)	11100100000101110	10110111111011000	11000100100111110
334	(11)(4)	10110000110100000	10010011111001100	10011011001111000
335	(11)(5)	10010000010010000	10110111111001100	11001101100111110
336	(11)(6)	11001000001001100	10010011111000110	10011011000111100
337	(11)(7)	10110000110010000	10110111111000110	10001001000011110
338	(11)(8)	11011000011001100	10010011111101110	10011011000011110
339	(11)(9)	11001000001000110	11111011001010000	11111100010011010
340	(11)(10)	10110000110001000	11111101100101100	10001001101111100
341	(11)(11)	10010000010000100	10110010111111000	11111100110111010
342	(11)(12)	10110000110000100	11111011001001000	10011011101111100
343	(11)(13)	10010000010000010	11111101100100110	10001001100111110
344	(11)(14)	10010000011011000	10110010011111100	10011011100111110
345	(11)(15)	10110000111011000	11111011001000100	11111000100111010
346	(11)(16)	10110000111001100	10110010001111110	11111001101111010
347	(11)(17)	10110000111000110	11111011001000010	11110001001111010
348	(11)(18)	11101100000101100	11110010001010000	11110011011111010
349	(11)(19)	11101100000100110	11111001000101100	11100010011111010
350	(11)(20)	11011000001000010	11110110011010000	11100110111111010
351	(11)(21)	11001000000101100	11110010001001000	11000100111111010
352	(11)(22)	10010000001001000	11111001000100110	11011101011100000
353	(11)(23)	10110000011001000	11110110011001000	11101110101111000
354	(11)(24)	10110000011000100	11111011001100110	11110111010111110
355	(11)(25)	10110000011000010	11110110011000100	10111010011000000
356	(11)(26)	11000101011000000	11110010001000010	11011101001110000
357	(11)(27)	11100010101110000	11110110011000010	11101110100111100
358	(11)(28)	11110001010111100	11100100011010000	10111010001100000
359	(11)(29)	11000101001100000	11110010001101100	11011101000111000
360	(12)(0)	11100010100111000	11101100111010000	11101110100011110
361	(12)(1)	10001010001000000	11100100011001000	10111010000110000
362	(12)(2)	11000101000110000	11110010001100110	11011101000011100
363	(12)(3)	11100010100011100	11101100111001000	10111010000011000
364	(12)(4)	10001010000100000	11110110011100110	11011101000001110
365	(12)(5)	11000101000011000	11101100111000100	10111010000001100
366	(12)(6)	10001010000010000	11100100011000010	10011001011100000
367	(12)(7)	10001010000001000	11101100111000010	11001100101111000
368	(12)(8)	10001011011000000	11001000111010000	11100110010111110
369	(12)(9)	11000101101110000	11100100011101100	10111011011100000
370	(12)(10)	11100010110111100	11011001111010000	10011001001110000
371	(12)(11)	10001011001100000	11001000111001000	11001100100111100
372	(12)(12)	11000101100111000	11100100011100110	10111011001110000
373	(12)(13)	11100010110011110	11011001111001000	11011101100111100
374	(12)(14)	10001011000110000	11101100111100110	11001100100011110
375	(12)(15)	11000101100011100	11011001111000100	10111011000111000
376	(12)(16)	10001011000011000	11001000111000010	10011001000011100
377	(12)(17)	10001011000001100	11011001111000010	10111011000011100
378	(12)(18)	10001011101110000	10010001111010000	10011001000001110
379	(12)(19)	11000101110111100	11001000111101100	10111011000001110
380	(12)(20)	10001011100111000	10110011111010000	10001000101111000
381	(12)(21)	11000101110011110	10010001111001000	11000100010111110
382	(12)(22)	10001011100011100	11001000111100110	10011001101111000
383	(12)(23)	10001011110111100	10110011111001000	10001000100111100
384	(12)(24)	10001011110011110	11011001111100110	10111011101111000
385	(12)(25)	11100110101100000	10110011111000100	10011001100111100
386	(12)(26)	11110011010111000	10010001111000010	10001000100011110
387	(12)(27)	11111001101011110	10110011111000010	10111011100111100
388	(12)(28)	11001101001000000	10010001111101100	10011001100011110
389	(12)(29)	11100110100110000	10110011111101100	10111011100011110
390	(13)(0)	11110011010011100	10010001111100110	10001000110111110
391	(13)(1)	11001101000100000	10110011111100110	10011001110111110
392	(13)(2)	11100110100011000	11111011000101000	10111011110111110
393	(13)(3)	11110011010001110	11111101100010110	10111001011000000
394	(13)(4)	11001101000010000	10110001011111100	11011100101110000
395	(13)(5)	11100110100001100	11111011000100100	11101110010111100
396	(13)(6)	11001101000001000	10110001001111110	10111001001100000
397	(13)(7)	11100110100000110	11111011000100010	11011100100111000
398	(13)(8)	11000100101100000	11110010000101000	11101110010011110
399	(13)(9)	11100010010111000	11111001000010110	10111001000110000
400	(13)(10)	11110001001011110	11110110001101000	11011100100011100
401	(13)(11)	11001101101100000	11111011000110110	10111001000011000
402	(13)(12)	11000100100110000	11110110001100100	11011100100001110
403	(13)(13)	11100010010011100	11110010000100010	10111001000001100
404	(13)(14)	10011011001000000	11110110001100010	10111001000000110
405	(13)(15)	10001001000100000	11100100001101000	10011000101110000
406	(13)(16)	11100110110011100	11110010000110110	11001100010111100
407	(13)(17)	11100010010001110	11101100011101000	10111001101110000
408	(13)(18)	10011011000100000	11100100001100100	10011000100111000
409	(13)(19)	11001101100011000	11101100011100100	11001100010011110
410	(13)(20)	11000100100001100	11100100001100010	10111001100111000
411	(13)(21)	10011011000010000	11101100011100010	11011100110011110
412	(13)(22)	10001001000001000	11001000011101000	10111001100011100
413	(13)(23)	10011011000001000	11100100001110110	10011000100001110
414	(13)(24)	10001001101100000	11011000111101000	10111001100001110
415	(13)(25)	11000100110111000	11101100011110110	10001000010111100
416	(13)(26)	11100010011011110	11011000111100100	10011000110111100
417	(13)(27)	10011011101100000	11001000011100010	10001000010011110
418	(13)(28)	10001001100110000	11011000111100010	10111001110111100
419	(13)(29)	11100110111011110	10010000111101000	10011000110011110
420	(14)(0)	10011011100110000	11001000011110110	10111001110011110
421	(14)(1)	11001101110011100	10110001111101000	10111000101100000
422	(14)(2)	11000100110001110	10010000111100100	11011100010111000
423	(14)(3)	10011011100011000	10110001111100100	11101110001011110
424	(14)(4)	10001001100001100	10010000111100010	10111000100110000
425	(14)(5)	10011011100001100	10110001111100010	11011100010011100
426	(14)(6)	10001001110111000	10010000111110110	10111000100011000
427	(14)(7)	11000100111011110	10110001111110110	11011100010001110
428	(14)(8)	10011011110111000	11111011000010100	10111000100001100
429	(14)(9)	10001001110011100	10110000101111110	10111000100000110
430	(14)(10)	10011011110011100	11111011000010010	10011000010111000
431	(14)(11)	10001001110001110	11110010000010100	11001100001011110
432	(14)(12)	10001001111011110	11110110000110100	10111000110111000
433	(14)(13)	10011011111011110	11110010000010010	10011000010011100
434	(14)(14)	11101110101000000	11110110000110010	10111000110011100
435	(14)(15)	11110111010110000	11100100000110100	10011000010001110
436	(14)(16)	11111011101011100	11101100001110100	10111000110001110
437	(14)(17)	11101110100100000	11100100000110010	10001000001011110
438	(14)(18)	11110111010011000	11101100001110010	10011000011011110
439	(14)(19)	11111011101001110	11001000001110100	10111000111011110
440	(14)(20)	11101110100010000	11011000011110100	10111000010110000
441	(14)(21)	11110111010001100	11001000001110010	11011100001011100
442	(14)(22)	11101110100001000	11011000011110010	10111000010011000
443	(14)(23)	11110111010000110	10010000011110100	11011100001001110
444	(14)(24)	11101110100000100	10110000111110100	10111000010001100
445	(14)(25)	11001100101000000	10010000011110010	10111000010000110
446	(14)(26)	11100110010110000	10110000111110010	10011000001011100
447	(14)(27)	11110011001011100	11111011000001010	10111000011011100
448	(14)(28)	11011101101000000	11110010000001010	10011000001001110
449	(14)(29)	11001100100100000	11110110000011010	10111000011001110
450	(15)(0)	11110111011011100	11100100000011010	10111000001011000
451	(15)(1)	11110011001001110	11101100000111010	11011100000101110
452	(15)(2)	11011101100100000	11001000000111010	10111000001001100
453	(15)(3)	11101110110011000	11011000001111010	10111000001000110
454	(15)(4)	11110111011001110	11110001010100000	10011000000101110
455	(15)(5)	11011101100010000	11111000101011000	10111000001101110
456	(15)(6)	11001100100001000	11111100010101110	10111000000101100
457	(15)(7)	11100110010000110	11110001010010000	10111000000100110
458	(15)(8)	11011101100001000	11111000101001100	10000101011110000
459	(15)(9)	11101110110000110	11110001010001000	11000010101111100
460	(15)(10)	11001100100000010	11111000101000110	10000101001111000
461	(15)(11)	10001000101000000	11110001010000100	11000010100111110
462	(15)(12)	11000100010110000	11110001010000010	10000101000111100
463	(15)(13)	11100010001011100	11100010110100000	10000101000011110
464	(15)(14)	10011001101000000	11110001011011000	10000101101111100
465	(15)(15)	10001000100100000	11111000101101110	10000101100111110
466	(15)(16)	11000100010011000	11100010110010000	11111000010111010
467	(15)(17)	11100010001001110	11110001011001100	11110000101111010
468	(15)(18)	10111011101000000	11100010110001000	11100001011111010
469	(15)(19)	10011001100100000	11110001011000110	11000010111111010
470	(15)(20)	11001100110011000	11100010110000100	10001101011100000
471	(15)(21)	11100110011001110	11100010110000010	11000110101111000
472	(15)(22)	10111011100100000	11000101110100000	11100011010111110
473	(15)(23)	11011101110011000	11100010111011000	10001101001110000
474	(15)(24)	11101110111001110	11110001011101110	11000110100111100
475	(15)(25)	11000100010000110	11000101110010000	10001101000111000
476	(15)(26)	10111011100010000	11100010111001100	11000110100011110
477	(15)(27)	10011001100001000	11000101110001000	10001101000011100
478	(15)(28)	11001100110000110	11100010111000110	10001101000001110
479	(15)(29)	10111011100001000	11000101110000100	10000100101111000
480	(16)(0)	10001000100000010	11000101110000010	11000010010111110
481	(16)(1)	10001000110110000	10001011110100000	10001101101111000
482	(16)(2)	11000100011011100	11000101111011000	10000100100111100
483	(16)(3)	10011001110110000	11100010111101110	10001101100111100
484	(16)(4)	10001000110011000	10001011110010000	10000100100011110
485	(16)(5)	11000100011001110	11000101111001100	10001101100011110
486	(16)(6)	10111011110110000	10001011110001000	10000100110111110
487	(16)(7)	10011001110011000	11000101111000110	10001101110111110
488	(16)(8)	11001100111001110	10001011110000100	10011101011000000
489	(16)(9)	10111011110011000	10001011110000010	11001110101110000
490	(16)(10)	11011101111001110	10001011111011000	11100111010111100
491	(16)(11)	10001000110000110	11000101111101110	10011101001100000
492	(16)(12)	10011001110000110	10001011111001100	11001110100111000
493	(16)(13)	10001000111011100	10001011111000110	11100111010011110
494	(16)(14)	10011001111011100	10001011111101110	10011101000110000
495	(16)(15)	10001000111001110	11111001101010000	11001110100011100
496	(16)(16)	10111011111011100	11111100110101100	10011101000011000
497	(16)(17)	10011001111001110	10011010111111000	11001110100001110
498	(16)(18)	11101110010100000	11111001101001000	10011101000001100
499	(16)(19)	11110111001011000	11111100110100110	10011101000000110
500	(16)(20)	11111011100101110	10011010011111100	10001100101110000
501	(16)(21)	11101110010010000	11111001101000100	11000110010111100
502	(16)(22)	11110111001001100	10011010001111110	10011101101110000
503	(16)(23)	11101110010001000	11111001101000010	10001100100111000
504	(16)(24)	11110111001000110	11110001001010000	11000110010011110
505	(16)(25)	11101110010000100	11111000100101100	10011101100111000
506	(16)(26)	11101110010000010	11110011011010000	10001100100011100
507	(16)(27)	11001100010100000	11110001001001000	10011101100011100
508	(16)(28)	11100110001011000	11111000100100110	10001100100001110
509	(16)(29)	11110011000101110	11110011011001000	10011101100001110
510	(17)(0)	11011100110100000	11111001101100110	10000100010111100
511	(17)(1)	11001100010010000	11110011011000100	10001100110111100
512	(17)(2)	11110111001101110	11110001001000010	10000100010011110
513	(17)(3)	11011100110010000	11110011011000010	10011101110111100
514	(17)(4)	11101110011001100	11100010011010000	10001100110011110
515	(17)(5)	11100110001000110	11110001001101100	10011101110011110
516	(17)(6)	11011100110001000	11100110111010000	11011110101100000
517	(17)(7)	11001100010000100	11100010011001000	11101111010111000
518	(17)(8)	11011100110000100	11110001001100110	11110111101011110
519	(17)(9)	11001100010000010	11100110111001000	10111101001000000
520	(17)(10)	11011100110000010	11110011011100110	11011110100110000
521	(17)(11)	10001000010100000	11100110111000100	11101111010011100
522	(17)(12)	11000100001011000	11100010011000010	10111101000100000
523	(17)(13)	11100010000101110	11100110111000010	11011110100011000
524	(17)(14)	10011000110100000	11000100111010000	11101111010001110
525	(17)(15)	10001000010010000	11100010011101100	10111101000010000
526	(17)(16)	11000100001001100	11001101111010000	11011110100001100
527	(17)(17)	10111001110100000	11000100111001000	10111101000001000
528	(17)(18)	10011000110010000	11100010011100110	11011110100000110
529	(17)(19)	11001100011001100	11001101111001000	10111101000000100
530	(17)(20)	11000100001000110	11100110111100110	10011100101100000
531	(17)(21)	10111001110010000	11001101111000100	11001110010111000
532	(17)(22)	11011100111001100	11000100111000010	11100111001011110
533	(17)(23)	10001000010000100	11001101111000010	10111101101100000
534	(17)(24)	10111001110001000	10001001111010000	10011100100110000
535	(17)(25)	10011000110000100	11000100111101100	11001110010011100
536	(17)(26)	10001000010000010	10011011111010000	10111101100110000
537	(17)(27)	10011000110000010	10001001111001000	11011110110011100
538	(17)(28)	10001000011011000	11000100111100110	11001110010001110
539	(17)(29)	11000100001101110	10011011111001000	10111101100011000
540	(18)(0)	10011000111011000	11001101111100110	10011100100001100
541	(18)(1)	10001000011001100	10011011111000100	10111101100001100
542	(18)(2)	10111001111011000	10001001111000010	10011100100000110
543	(18)(3)	10011000111001100	10011011111000010	10111101100000110
544	(18)(4)	10001000011000110	10001001111101100	10001100010111000
545	(18)(5)	10111001111001100	10011011111101100	11000110001011110
546	(18)(6)	10011000111000110	10001001111100110	10011100110111000
547	(18)(7)	10001000011101110	10011011111100110	10001100010011100
548	(18)(8)	10111001111101110	11111101110101000	10111101110111000
549	(18)(9)	11101110001010000	10111010111110000	10011100110011100
550	(18)(10)	11110111000101100	11011101011111100	10001100010001110
551	(18)(11)	11101110001001000	11111101110100100	10111101110011100
552	(18)(12)	11110111000100110	10111010011111000	10011100110001110
553	(18)(13)	11101110001000100	11011101001111110	10111101110001110
554	(18)(14)	11101110001000010	11111101110100010	10000100001011110
555	(18)(15)	11001100001010000	10111010001111100	10001100011011110
556	(18)(16)	11100110000101100	10111010000111110	10011100111011110
557	(18)(17)	11011100011010000	11111001100101000	10111101111011110
558	(18)(18)	11001100001001000	11111100110010110	10111100101000000
559	(18)(19)	11100110000100110	10011001011111100	11011110010110000
560	(18)(20)	11011100011001000	11111011101101000	11101111001011100
561	(18)(21)	11101110001100110	11111101110110110	10111100100100000
562	(18)(22)	11011100011000100	10111011011111100	11011110010011000
563	(18)(23)	11001100001000010	10011001001111110	11101111001001110
564	(18)(24)	11011100011000010	11111011101100100	10111100100010000
565	(18)(25)	10001000001010000	11111001100100010	11011110010001100
566	(18)(26)	11000100000101100	10111011001111110	10111100100001000
567	(18)(27)	10011000011010000	11111011101100010	11011110010000110
568	(18)(28)	10001000001001000	11110001000101000	10111100100000100
569	(18)(29)	11000100000100110	11111000100010110	10111100100000010
570	(19)(0)	10111000111010000	11110011001101000	10011100010110000
571	(19)(1)	10011000011001000	11110001000100100	11001110001011100
572	(19)(2)	11001100001100110	11110111011101000	10111100110110000
573	(19)(3)	10111000111001000	11111011101110110	10011100010011000
574	(19)(4)	11011100011100110	11110001000100010	11001110001001110
575	(19)(5)	10001000001000010	11110111011100100	10111100110011000
576	(19)(6)	10111000111000100	11110011001100010	11011110011001110
577	(19)(7)	10011000011000010	11110111011100010	10111100110001100
578	(19)(8)	10111000111000010	11100010001101000	10011100010000110
579	(19)(9)	10011000011101100	11110001000110110	10111100110000110
580	(19)(10)	10111000111101100	11100110011101000	10001100001011100
581	(19)(11)	10111000111100110	11100010001100100	10011100011011100
582	(19)(12)	11110111000010110	11101110111101000	10001100001001110
583	(19)(13)	11101110000100010	11100110011100100	10111100111011100
584	(19)(14)	11100110000010110	11100010001100010	10011100011001110
585	(19)(15)	11001100000100100	11101110111100100	10111100111001110
586	(19)(16)	11001100000100010	11100110011100010	10111100010100000
587	(19)(17)	10001000000101000	11101110111100010	11011110001011000
588	(19)(18)	10011000001101000	11000100011101000	11101111000101110
589	(19)(19)	10111000011101000	11100010001110110	10111100010010000
590	(19)(20)	10001000000100010	11001100111101000	11011110001001100
591	(19)(21)	10011000001100010	11000100011100100	10111100010001000
592	(19)(22)	11000010101100000	11011101111101000	11011110001000110
593	(19)(23)	10000101001000000	11001100111100100	10111100010000100
594	(19)(24)	11000010100110000	11000100011100010	10111100010000010
595	(19)(25)	10000101000100000	11011101111100100	10011100001011000
596	(19)(26)	11000010100011000	11001100111100010	11001110000101110
597	(19)(27)	11100001010001110	11011101111100010	10111100011011000
598	(19)(28)	10000101000010000	10001000111101000	10011100001001100
599	(19)(29)	11000010100001100	11000100011110110	10111100011001100
600	(20)(0)	10000101000001000	10011001111101000	10011100001000110
601	(20)(1)	11000010100000110	10001000111100100	10111100011000110
602	(20)(2)	10000101101100000	10111011111101000	10001100000101110
603	(20)(3)	11000010110111000	10011001111100100	10011100001101110
604	(20)(4)	11100001011011110	10001000111100010	10111100011101110
605	(20)(5)	10000101100110000	10111011111100100	10111100001010000
606	(20)(6)	11000010110011100	10011001111100010	11011110000101100
607	(20)(7)	10000101100011000	10111011111100010	10111100001001000
608	(20)(8)	11000010110001110	10001000111110110	11011110000100110
609	(20)(9)	10000101100001100	10011001111110110	10111100001000100
610	(20)(10)	10000101100000110	11111101110010100	10111100001000010
611	(20)(11)	10000101110111000	10111001011111000	10011100000101100
612	(20)(12)	11000010111011110	11011100101111110	10111100001101100
613	(20)(13)	10000101110011100	11111101110010010	10011100000100110
614	(20)(14)	10000101110001110	10111001001111100	10111100001100110
615	(20)(15)	10000101111011110	10111001000111110	10111100000101000
616	(20)(16)	11000110101000000	11111001100010100	11011110000010110
617	(20)(17)	11100011010110000	10011000101111110	10111100000100100
618	(20)(18)	11110001101011100	11111011100110100	10111100000100010
619	(20)(19)	11000110100100000	11111001100010010	10011100000010110
620	(20)(20)	11100011010011000	10111001101111110	10111100000110110
621	(20)(21)	11000110100010000	11111011100110010	10000010101111000
622	(20)(22)	11100011010001100	11110001000010100	11000001010111110
623	(20)(23)	11000110100001000	11110011000110100	10000010100111100
624	(20)(24)	11100011010000110	11110001000010010	10000010100011110
625	(20)(25)	11000110100000100	11110111001110100	10000010110111110
626	(20)(26)	10000100101000000	11110011000110010	10000110101110000
627	(20)(27)	11000010010110000	11110111001110010	11000011010111100
628	(20)(28)	11100001001011100	11100010000110100	10000110100111000
629	(20)(29)	10001101101000000	11100110001110100	11000011010011110
630	(21)(0)	10000100100100000	11100010000110010	10000110100011100
631	(21)(1)	11100011011011100	11101110011110100	10000110100001110
632	(21)(2)	11100001001001110	11100110001110010	10000010010111100
633	(21)(3)	10001101100100000	11101110011110010	10000110110111100
634	(21)(4)	11000110110011000	11000100001110100	10000010010011110
635	(21)(5)	11100011011001110	11001100011110100	10000110110011110
636	(21)(6)	10001101100010000	11000100001110010	10001110101100000
637	(21)(7)	10000100100001000	11011100111110100	11000111010111000
638	(21)(8)	11000010010000110	11001100011110010	11100011101011110
639	(21)(9)	10001101100001000	11011100111110010	10001110100110000
640	(21)(10)	11000110110000110	10001000011110100	11000111010011100
641	(21)(11)	10000100100000010	10011000111110100	10001110100011000
642	(21)(12)	10000100110110000	10001000011110010	11000111010001110
643	(21)(13)	11000010011011100	10111001111110100	10001110100001100
644	(21)(14)	10001101110110000	10011000111110010	10001110100000110
645	(21)(15)	10000100110011000	10111001111110010	10000110010111000
646	(21)(16)	11000010011001110	11111101110001010	11000011001011110
647	(21)(17)	10001101110011000	10111000101111100	10001110110111000
648	(21)(18)	11000110111001110	10111000100111110	10000110010011100
649	(21)(19)	10001101110001100	11111001100001010	10001110110011100
650	(21)(20)	10000100110000110	11111011100011010	10000110010001110
651	(21)(21)	10000100111011100	11110001000001010	10001110110001110
652	(21)(22)	10001101111011100	11110011000011010	10000010001011110
653	(21)(23)	10000100111001110	11110111000111010	10000110011011110
654	(21)(24)	10001101111001110	11100010000011010	10001110111011110
655	(21)(25)	11100111010100000	11100110000111010	10011110101000000
656	(21)(26)	11110011101011000	11101110001111010	11001111010110000
657	(21)(27)	11111001110101110	11000100000111010	11100111101011100
658	(21)(28)	11100111010010000	11001100001111010	10011110100100000
659	(21)(29)	11110011101001100	11011100011111010	11001111010011000
660	(22)(0)	11100111010001000	10001000001111010	11100111101001110
661	(22)(1)	11110011101000110	10011000011111010	10011110100010000
662	(22)(2)	11100111010000100	10111000111111010	11001111010001100
663	(22)(3)	11100111010000010	10111000010111110	10011110100001000
664	(22)(4)	11000110010100000	11110000101010000	11001111010000110
665	(22)(5)	11100011001011000	11111000010101100	10011110100000100
666	(22)(6)	11001110110100000	11110000101001000	10011110100000010
667	(22)(7)	11000110010010000	11111000010100110	10001110010110000
668	(22)(8)	11100011001001100	11110000101000100	11000111001011100
669	(22)(9)	11001110110010000	11110000101000010	10011110110110000
670	(22)(10)	11100111011001100	11100001011010000	10001110010011000
671	(22)(11)	11100011001000110	11110000101101100	11000111001001110
672	(22)(12)	11001110110001000	11100001011001000	10011110110011000
673	(22)(13)	11000110010000100	11110000101100110	11001111011001110
674	(22)(14)	11001110110000100	11100001011000100	10011110110001100
675	(22)(15)	11000110010000010	11100001011000010	10001110010000110
676	(22)(16)	11001110110000010	11000010111010000	10011110110000110
677	(22)(17)	10000100010100000	11100001011101100	10000110001011100
678	(22)(18)	11000010001011000	11000010111001000	10001110011011100
679	(22)(19)	10001100110100000	11100001011100110	10000110001001110
680	(22)(20)	10000100010010000	11000010111000100	10011110111011100
681	(22)(21)	11100011001101110	11000010111000010	10001110011001110
682	(22)(22)	10011101110100000	10000101111010000	10011110111001110
683	(22)(23)	10001100110010000	11000010111101100	11011111010100000
684	(22)(24)	11000110011001100	10000101111001000	11101111101011000
685	(22)(25)	11000010001000110	11000010111100110	11110111110101110
686	(22)(26)	10011101110010000	10000101111000100	11011111010010000
687	(22)(27)	11001110111001100	10000101111000010	11101111101001100
688	(22)(28)	10000100010000100	10000101111101100	11011111010001000
689	(22)(29)	10011101110001000	10000101111100110	11101111101000110
690	(23)(0)	10001100110000100	11111000110101000	11011111010000100
691	(23)(1)	10000100010000010	11111100011010110	11011111010000010
692	(23)(2)	10001100110000010	10001101011111100	10011110010100000
693	(23)(3)	10000100011011000	11111000110100100	11001111001011000
694	(23)(4)	11000010001101110	10001101001111110	11100111100101110
695	(23)(5)	10001100111011000	11111000110100010	10111110110100000
696	(23)(6)	10000100011001100	11110000100101000	10011110010010000
697	(23)(7)	10011101111011000	11111000010010110	11001111001001100
698	(23)(8)	10001100111001100	11110001101101000	10111110110010000
699	(23)(9)	10000100011000110	11110000100100100	11011111011001100
700	(23)(10)	10011101111001100	11110001101100100	11001111001000110
701	(23)(11)	10001100111000110	11110000100100010	10111110110001000
702	(23)(12)	10000100011101110	11110001101100010	10011110010000100
703	(23)(13)	10001100111101110	11100001001101000	10111110110000100
704	(23)(14)	10011101111101110	11110000100110110	10011110010000010
705	(23)(15)	11110111101010000	11100011011101000	10111110110000010
706	(23)(16)	11111011110101100	11100001001100100	10001110001011000
707	(23)(17)	11110111101001000	11100011011100100	11000111000101110
708	(23)(18)	11111011110100110	11100001001100010	10011110011011000
709	(23)(19)	11110111101000100	11100011011100010	10001110001001100
710	(23)(20)	11110111101000010	11000010011101000	10111110111011000
711	(23)(21)	11100111001010000	11100001001110110	10011110011001100
712	(23)(22)	11110011100101100	11000110111101000	10001110001000110
713	(23)(23)	11101111011010000	11000010011100100	10111110111001100
714	(23)(24)	11110111101101100	11000110111100100	10011110011000110
715	(23)(25)	11110011100100110	11000010011100010	10111110111000110
716	(23)(26)	11101111011001000	11000110111100010	10000110000101110
717	(23)(27)	11110111101100110	10000100111101000	10001110001101110
718	(23)(28)	11101111011000100	11000010011110110	10011110011101110
719	(23)(29)	11100111001000010	10001101111101000	10111110111101110
720	(24)(0)	11101111011000010	10000100111100100	11011111001010000
721	(24)(1)	11000110001010000	10001101111100100	11101111100101100
722	(24)(2)	11100011000101100	10000100111100010	11011111001001000
723	(24)(3)	11001110011010000	10001101111100010	11101111100100110
724	(24)(4)	11000110001001000	10000100111110110	11011111001000100
725	(24)(5)	11100011000100110	10001101111110110	11011111001000010
726	(24)(6)	11011110111010000	11111100111010100	10011110001010000
727	(24)(7)	11001110011001000	10011101011111000	11001111000101100
728	(24)(8)	11100111001100110	11001110101111110	10111110011010000
729	(24)(9)	11011110111001000	11111100111010010	10011110001001000
730	(24)(10)	11101111011100110	10011101001111100	11001111000100110
731	(24)(11)	11000110001000010	10011101000111110	10111110011001000
732	(24)(12)	11011110111000100	11111000110010100	11011111001100110
733	(24)(13)	11001110011000010	10001100101111110	10111110011000100
734	(24)(14)	11011110111000010	11111001110110100	10011110001000010
735	(24)(15)	10000100001010000	11111000110010010	10111110011000010
736	(24)(16)	11000010000101100	10011101101111110	10001110000101100
737	(24)(17)	10001100011010000	11111001110110010	10011110001101100
738	(24)(18)	10000100001001000	11110000100010100	10001110000100110
739	(24)(19)	11000010000100110	11110001100110100	10111110011101100
740	(24)(20)	10011100111010000	11110000100010010	10011110001100110
741	(24)(21)	10001100011001000	11110011101110100	10111110011100110
742	(24)(22)	11000110001100110	11110001100110010	11011111000101000
743	(24)(23)	10111101111010000	11110011101110010	11101111100010110
744	(24)(24)	10011100111001000	11100001000110100	11011111000100100
745	(24)(25)	11001110011100110	11100011001110100	11011111000100010
746	(24)(26)	10000100001000010	11100001000110010	10011110000101000
747	(24)(27)	10111101111001000	11100111011110100	11001111000010110
748	(24)(28)	11011110111100110	11100011001110010	10111110001101000
749	(24)(29)	10001100011000010	11100111011110010	10011110000100100
750	(25)(0)	10111101111000100	11000010001110100	10111110001100100
751	(25)(1)	10000100001101100	11000110011110100	10011110000100010
752	(25)(2)	10001100011101100	11000010001110010	10111110001100010
753	(25)(3)	10000100001100110	11001110111110100	10001110000010110
754	(25)(4)	10011100111101100	11000110011110010	10011110000110110
755	(25)(5)	10001100011100110	11001110111110010	10111110001110110
756	(25)(6)	10111101111101100	10000100011110100	11011111000010100
757	(25)(7)	10011100111100110	10001100111110100	11011111000010010
758	(25)(8)	10111101111100110	10000100011110010	10011110000010100
759	(25)(9)	11110111100101000	10011101111110100	10111110000110100
760	(25)(10)	11111011110010110	10001100111110010	10011110000010010
761	(25)(11)	11110111100100100	10011101111110010	10111110000110010
762	(25)(12)	11110111100100010	10111101011110000	10000001010111100
763	(25)(13)	11100111000101000	11011110101111100	10000001010011110
764	(25)(14)	11110011100010110	10111101001111000	10000011010111000
765	(25)(15)	11101111001101000	11011110100111110	11000001101011110
766	(25)(16)	11110111100110110	10111101000111100	10000011010011100
767	(25)(17)	11101111001100100	10111101000011110	10000011010001110
768	(25)(18)	11100111000100010	11111100111001010	10000001001011110
769	(25)(19)	11101111001100010	10011100101111100	10000011011011110
770	(25)(20)	11000110000101000	11111101111011010	10000111010110000
771	(25)(21)	11100011000010110	10111101101111100	11000011101011100
772	(25)(22)	11001110001101000	10011100100111110	10000111010011000
773	(25)(23)	11000110000100100	10111101100111110	11000011101001110
774	(25)(24)	11011110011101000	11111000110001010	10000111010001100
775	(25)(25)	11001110001100100	11111001110011010	10000111010000110
776	(25)(26)	11000110000100010	11111011110111010	10000011001011100
777	(25)(27)	11011110011100100	11110000100001010	10000111011011100
778	(25)(28)	11001110001100010	11110001100011010	10000011001001110
779	(25)(29)	11011110011100010	11110011100111010	10000111011001110
780	(26)(0)	10000100000101000	11110111101111010	10001111010100000
781	(26)(1)	11000010000010110	11100001000011010	11000111101011000
782	(26)(2)	10001100001101000	11100011000111010	11100011110101110
783	(26)(3)	11000110000110110	11100111001111010	10001111010010000
784	(26)(4)	10011100011101000	11101111011111010	11000111101001100
785	(26)(5)	10001100001100100	11000010000111010	10001111010001000
786	(26)(6)	10000100000100010	11000110001111010	11000111101000110
787	(26)(7)	10111100111101000	11001110011111010	10001111010000100
788	(26)(8)	10011100011100100	11011110111111010	10001111010000010
789	(26)(9)	10001100001100010	10000100001111010	10000111001011000
790	(26)(10)	10111100111100100	10001100011111010	11000011100101110
791	(26)(11)	10011100011100010	10011100111111010	10001111011011000
792	(26)(12)	10111100111100010	10111100101111000	11000111101101110
793	(26)(13)	10001100001110110	11011110010111110	10001111011001100
794	(26)(14)	10111100111110110	10111100100111100	10000111001000110
795	(26)(15)	11110111100010010	10111100100011110	10001111011000110
796	(26)(16)	11101111000110100	10011100010111110	10000011000101110
797	(26)(17)	11101111000110010	10111100110111110	10000111001101110
798	(26)(18)	11001110000110100	10111100010111100	10001111011101110
799	(26)(19)	11011110001110100	10111100010011110	11001111101010000
800	(26)(20)	11011110001110010	10111100001011110	11100111110101100
801	(26)(21)	10001100000110100	11110000010101000	11001111101001000
802	(26)(22)	10011100001110100	11110000010100100	11100111110100110
803	(26)(23)	10111100011110100	11110000010100010	11001111101000100
804	(26)(24)	10111100011110010	11100000101101000	11001111101000010
805	(26)(25)	10000010101000000	11110000010110110	10001111001010000
806	(26)(26)	10000010100100000	11100000101100100	11000111100101100
807	(26)(27)	11000001010011000	11100000101100010	10011111011010000
808	(26)(28)	10000010100010000	11000001011101000	11001111101101100
809	(26)(29)	10000010100001000	11100000101110110	11000111100100110
810	(27)(0)	10000010100000100	11000001011100100	10011111011001000
811	(27)(1)	10000010110110000	11000001011100010	10001111001000100
812	(27)(2)	10000010110011000	10000010111101000	10011111011000100
813	(27)(3)	10000010110001100	11000001011110110	10001111001000010
814	(27)(4)	10000010110000110	10000010111100100	10011111011000010
815	(27)(5)	10000010111011100	10000010111100010	10000111000101100
816	(27)(6)	10000010111001110	10000010111110110	10001111001101100
817	(27)(7)	11000011010100000	11111000011010100	10000111000100110
818	(27)(8)	11000011010010000	10000110101111110	10011111011101100
819	(27)(9)	11100001101001100	11111000011010010	10001111001100110
820	(27)(10)	11000011010001000	11110000010010100	10011111011100110
821	(27)(11)	11100001101000110	11110000110110100	11101111110101000
822	(27)(12)	11000011010000100	11110000010010010	11110111111010110
823	(27)(13)	11000011010000010	11110000110110010	11101111110100100
824	(27)(14)	10000010010100000	11100000100110100	11101111110100010
825	(27)(15)	11000001001011000	11100001101110100	11001111100101000
826	(27)(16)	10000110110100000	11100000100110010	11100111110010110
827	(27)(17)	11000011011011000	11100001101110010	11011111101101000
828	(27)(18)	11000001001001100	11000001001110100	11001111100100100
829	(27)(19)	10000110110010000	11000011011110100	11011111101100100
830	(27)(20)	11000011011001100	11000001001110010	11001111100100010
831	(27)(21)	10000110110001000	11000011011110010	11011111101100010
832	(27)(22)	11000011011000110	10000010011110100	10001111000101000
833	(27)(23)	10000110110000100	10000110111110100	11000111100010110
834	(27)(24)	10000010010000010	10000010011110010	10011111001101000
835	(27)(25)	10000110110000010	10000110111110010	10001111000100100
836	(27)(26)	10000010011011000	11111100011101010	10111111011101000
837	(27)(27)	11000001001101110	10001110101111100	10011111001100100
838	(27)(28)	10000110111011000	10001110100111110	10001111000100010
839	(27)(29)	11000011011101110	11111000011001010	10111111011100100
840	(28)(0)	10000110111001100	11111000111011010	10011111001100010
841	(28)(1)	10000010011000110	11110000010001010	10111111011100010
842	(28)(2)	10000110111000110	11110000110011010	10000111000010110
843	(28)(3)	10000010011101110	11110001110111010	10001111000110110
844	(28)(4)	10000110111101110	11100000100011010	10011111001110110
845	(28)(5)	11100011101010000	11100001100111010	10111111011110110
846	(28)(6)	11100011101001000	11100011101111010	11101111110010100
847	(28)(7)	11100011101000100	11000001000111010	11101111110010010
848	(28)(8)	11100011101000010	11000011001111010	11001111100010100
849	(28)(9)	11000011001010000	11000111011111010	11011111100110100
850	(28)(10)	11000111011010000	10000010001111010	11001111100010010
851	(28)(11)	11100011101101100	10000110011111010	11011111100110010
852	(28)(12)	11100001100100110	10001110111111010	10001111000010100
853	(28)(13)	11000111011001000	10011110101111000	10011111000110100
854	(28)(14)	11100011101100110	11001111010111110	10001111000010010
855	(28)(15)	11000111011000100	10011110100111100	10111111001110100
856	(28)(16)	11000011001000010	10011110100011110	10011111000110010
857	(28)(17)	11000111011000010	10001110010111110	10111111001110010
858	(28)(18)	10000010001010000	10011110110111110	11101111110001010
859	(28)(19)	10000110011010000	10111110101110000	11001111100001010
860	(28)(20)	10000010001001000	11011111010111100	11011111100011010
861	(28)(21)	11000001000100110	10111110100111000	10001111000001010
862	(28)(22)	10001110111010000	11011111010011110	10011111000011010
863	(28)(23)	10000110011001000	10111110100011100	10111111000111010
864	(28)(24)	10000010001000100	10111110100001110	10000001101011100
865	(28)(25)	10001110111001000	10011110010111100	10000001101001110
866	(28)(26)	10000110011000100	10111110110111100	10000011101011000
867	(28)(27)	10000010001000010	10011110010011110	11000001110101110
868	(28)(28)	10001110111000100	10111110110011110	10000011101001100
869	(28)(29)	10000110011000010	10111110010111000	10000011101000110
870	(29)(0)	10000010001101100	11011111001011110	10000001100101110
871	(29)(1)	10000110011101100	10111110010011100	10000011101101110
872	(29)(2)	10000010001100110	10111110010001110	10000111101010000
873	(29)(3)	10001110111101100	10011110001011110	11000011110101100
874	(29)(4)	10000110011100110	10111110011011110	10000111101001000
875	(29)(5)	10001110111100110	10111110001011100	11000011110100110
876	(29)(6)	11110011110101000	10111110001001110	10000111101000100
877	(29)(7)	11110011110100100	10111110000101110	10000111101000010
878	(29)(8)	11110011110100010	11100000010110100	10000011100101100
879	(29)(9)	11100011100101000	11100000010110010	10000111101101100
880	(29)(10)	11100111101101000	11000000101110100	10000011100100110
881	(29)(11)	11110011110110110	11000000101110010	10000111101100110
882	(29)(12)	11100111101100100	10000001011110100	11000111110101000
883	(29)(13)	11100011100100010	10000001011110010	11100011111010110
884	(29)(14)	11100111101100010	11110000011011010	11000111110100100
885	(29)(15)	11000011000101000	11100000010011010	11000111110100010
886	(29)(16)	11100001100010110	11100000110111010	10000111100101000
887	(29)(17)	11000111001101000	11000000100111010	11000011110010110
888	(29)(18)	11100011100110110	11000001101111010	10001111101101000
889	(29)(19)	11001111011101000	10000001001111010	11000111110110110
890	(29)(20)	11000111001100100	10000011011111010	10001111101100100
891	(29)(21)	11000011000100010	10000111010111110	10000111100100010
892	(29)(22)	11001111011100100	10001111010111100	10001111101100010
893	(29)(23)	11000111001100010	10001111010011110	10000011100010110
894	(29)(24)	11001111011100010	10011111010111000	10000111100110110
895	(29)(25)	10000010000101000	11001111101011110	10001111101110110
896	(29)(26)	11000001000010110	10011111010011100	11100111111010100
897	(29)(27)	10000110001101000	10011111010001110	11100111111010010
898	(29)(28)	11000011000110110	10001111001011110	11000111110010100
899	(29)(29)	10001110011101000	10011111011011110	11001111110110100
900	(30)(0)	10000110001100100	10111111010110000	11000111110010010
901	(30)(1)	10000010000100010	11011111101011100	11001111110110010
902	(30)(2)	10011110111101000	10111111010011000	10000111100010100
903	(30)(3)	10001110011100100	11011111101001110	10001111100110100
904	(30)(4)	10000110001100010	10111111010001100	10000111100010010
905	(30)(5)	10011110111100100	10111111010000110	10011111101110100
906	(30)(6)	10001110011100010	10011111001011100	10001111100110010
907	(30)(7)	10000010000110110	10111111011011100	10011111101110010
908	(30)(8)	10000110001110110	10011111001001110	11100111111001010
909	(30)(9)	10001110011110110	10111111011001110	11000111110001010
910	(30)(10)	10011110111110110	10111111001011000	11001111110011010
911	(30)(11)	11111011111010100	11011111100101110	10000111100001010
912	(30)(12)	11111011111010010	10111111001001100	10001111100011010
913	(30)(13)	11110011110010100	10111111001000110	10011111100111010
914	(30)(14)	11110111110110100	10011111000101110	10000001110101100
915	(30)(15)	11110011110010010	10111111001101110	10000001110100110
916	(30)(16)	11110111110110010	10111111000101100	10000011110101000
917	(30)(17)	11100011100010100	10111111000100110	11000001111010110
918	(30)(18)	11100111100110100	10000111101011110	10000011110100100
919	(30)(19)	11100011100010010	10001111101011100	10000011110100010
920	(30)(20)	11101111101110100	10001111101001110	10000001110010110
921	(30)(21)	11100111100110010	10011111101011000	10000011110110110
922	(30)(22)	11101111101110010	11001111110101110	11000011111010100
923	(30)(23)	11000011000010100	10011111101001100	11000011111010010
924	(30)(24)	11000111000110100	10011111101000110	10000011110010100
925	(30)(25)	11000011000010010	10001111100101110	10000111110110100
926	(30)(26)	11001111001110100	10011111101101110	10000011110010010
927	(30)(27)	11000111000110010	10011111100101100	10000111110110010
928	(30)(28)	11011111011110100	10011111100100110	11100011111101010